"Node1","Node2","Association","Dissimilarity","Adjecency"
"Ruminococcaceae","Lachnospiraceae",0.955722248481682,0.14879138334984,0.85120861665016
"Staphylococcaceae","Gordoniaceae",0.948496564424027,0.160473417698965,0.839526582301035
"Lachnospiraceae","Peptostreptococcaceae",0.842812896993088,0.280345414628911,0.719654585371089
"Desulfovibrionaceae","Coriobacteriaceae",0.826604638645468,0.294444698843885,0.705555301156115
"Bifidobacteriaceae","Bacteroidaceae",0.808069978472468,0.309782198913634,0.690217801086366
"Coriobacteriaceae","Lactobacillaceae",0.791701903781512,0.322721316477923,0.677278683522077
"Ruminococcaceae","Peptostreptococcaceae",0.769986635708999,0.339126351299188,0.660873648700812
"S24-7","Desulfovibrionaceae",0.765862571149049,0.342153057016119,0.657846942983881
"Micrococcaceae","Intrasporangiaceae",0.760665720616908,0.345929385412032,0.654070614587968
"Lachnospiraceae","Veillonellaceae",0.759040748891281,0.347101751010218,0.652898248989782
"Rikenellaceae","[Paraprevotellaceae]",0.755869886631154,0.349378099892399,0.650621900107601
"Aerococcaceae","[Tissierellaceae]",0.749882103668651,0.353636746062502,0.646363253937498
"Desulfovibrionaceae","Lactobacillaceae",0.746613065055967,0.355940258290653,0.644059741709347
"Corynebacteriaceae","Gordoniaceae",0.744562955873777,0.357377282522423,0.642622717477577
"Veillonellaceae","Peptostreptococcaceae",0.739655378995497,0.360794000091814,0.639205999908186
"Corynebacteriaceae","Staphylococcaceae",0.738660477820431,0.361482725852543,0.638517274147457
"Gordoniaceae","Porphyromonadaceae",0.738101355013223,0.361869206334815,0.638130793665185
"S24-7","[Odoribacteraceae]",0.721034107600479,0.373474157338577,0.626525842661423
"Desulfovibrionaceae","[Odoribacteraceae]",0.715893228346052,0.376899702609294,0.623100297390706
"Ruminococcaceae","Veillonellaceae",0.7140563219513,0.378116171334089,0.621883828665911
"Brucellaceae","Deinococcaceae",0.713939589307419,0.378193343868305,0.621806656131695
"Micrococcaceae","Flavobacteriaceae",0.713747716797807,0.378320157540008,0.621679842459992
"S24-7","Lactobacillaceae",0.713319629196958,0.378602938976339,0.621397061023661
"Micrococcaceae","Nocardioidaceae",0.712705634961558,0.379008156270048,0.620991843729952
"Aerococcaceae","Corynebacteriaceae",0.707938812449031,0.382139495178769,0.617860504821231
"Rikenellaceae","Erysipelotrichaceae",0.706897391590551,0.382820198271622,0.617179801728378
"Deferribacteraceae","[Odoribacteraceae]",0.706405316365987,0.383141412297087,0.616858587702913
"S24-7","Coriobacteriaceae",0.705701084098735,0.383600649048764,0.616399350951236
"Micrococcaceae","Moraxellaceae",0.70347327509715,0.385049818142309,0.614950181857691
"Ruminococcaceae","Gordoniaceae",0.70309213638889,0.385297199322231,0.614702800677769
"Corynebacteriaceae","Kineosporiaceae",0.703009718789234,0.385350672252408,0.614649327747592
"Fusobacteriaceae","Peptococcaceae",0.702242236557562,0.38584826256084,0.61415173743916
"Rhodobacteraceae","Nocardioidaceae",0.702159635677402,0.385901777867502,0.614098222132498
"Lachnospiraceae","Gordoniaceae",0.697975081027446,0.388603216000945,0.611396783999055
"Prevotellaceae","Succinivibrionaceae",0.697202962510152,0.389099625732182,0.610900374267818
"Ruminococcaceae","Staphylococcaceae",0.694993258618323,0.390516799498867,0.609483200501133
"Nocardioidaceae","Chitinophagaceae",0.692510812844044,0.392102784455783,0.607897215544217
"Microbacteriaceae","Erythrobacteraceae",0.690905306391452,0.393125103248665,0.606874896751335
"Bradyrhizobiaceae","C111",0.688725634389791,0.394508786727374,0.605491213272626
"Micrococcaceae","Dietziaceae",0.687421721293302,0.395334212222202,0.604665787777798
"Staphylococcaceae","Porphyromonadaceae",0.685203774954219,0.3967343097375,0.6032656902625
"Lachnospiraceae","Staphylococcaceae",0.682077731059779,0.39869930332283,0.601300696677169
"[Paraprevotellaceae]","p-2534-18B5",0.681420604580868,0.399111134534688,0.600888865465312
"Desulfovibrionaceae","Porphyromonadaceae",0.674070707632064,0.403688798685284,0.596311201314716
"Intrasporangiaceae","Nocardioidaceae",0.67386923661228,0.403813548180172,0.596186451819828
"Bradyrhizobiaceae","Sanguibacteraceae",0.670626788794773,0.405815975046096,0.594184024953904
"Rikenellaceae","Verrucomicrobiaceae",0.670167043346622,0.40609909914538,0.59390090085462
"Bifidobacteriaceae","Dermabacteraceae",0.66542018647329,0.409010888318826,0.590989111681174
"[Paraprevotellaceae]","Verrucomicrobiaceae",0.662880588645772,0.410560233920814,0.589439766079186
"Coriobacteriaceae","Porphyromonadaceae",0.660968583332085,0.411722853791185,0.588277146208815
"Veillonellaceae","Coriobacteriaceae",0.660832740007691,0.411805330218241,0.588194669781759
"Comamonadaceae","Xanthomonadaceae",0.65796691059583,0.413541466726234,0.586458533273766
"Chitinophagaceae","Erythrobacteraceae",0.657963996530175,0.413543228375115,0.586456771624885
"Gordoniaceae","[Tissierellaceae]",0.652068287932151,0.417092143337566,0.582907856662434
"Gordoniaceae","Kineosporiaceae",0.651984429512173,0.417142404034778,0.582857595965222
"Rhodobacteraceae","Dietziaceae",0.648060295601425,0.419487606729075,0.580512393270925
"Lachnospiraceae","Pseudomonadaceae",0.644057261430736,0.421866530178245,0.578133469821755
"Peptostreptococcaceae","Pseudomonadaceae",0.643666806740828,0.422097851960403,0.577902148039597
"Aerococcaceae","Gordoniaceae",0.643435132563206,0.422235045582904,0.577764954417096
"Neisseriaceae","A4b",0.639177814057016,0.424748270121836,0.575251729878164
"Aerococcaceae","Kineosporiaceae",0.634647127413626,0.427406640441146,0.572593359558854
"Lachnospiraceae","Coriobacteriaceae",0.634136025428064,0.427705491297421,0.572294508702579
"Ruminococcaceae","Coriobacteriaceae",0.631987645297482,0.428959412242299,0.571040587757701
"Rhodobacteraceae","Dermatophilaceae",0.629881637700467,0.430185054540214,0.569814945459786
"Bradyrhizobiaceae","Rhodospirillaceae",0.629274450637649,0.430537773814535,0.569462226185465
"Staphylococcaceae","Pseudomonadaceae",0.629008391794627,0.430692238266127,0.569307761733873
"Chitinophagaceae","Dermatophilaceae",0.628360641743675,0.431068067859547,0.568931932140453
"Bradyrhizobiaceae","A4b",0.627595676022011,0.431511485350036,0.568488514649964
"Desulfovibrionaceae","Veillonellaceae",0.627342938112919,0.431657886460494,0.568342113539506
"Gordoniaceae","Clostridiaceae",0.626973026856879,0.43187207199767,0.56812792800233
"Bacteroidaceae","Clostridiaceae",0.626794462143414,0.431975426301419,0.568024573698581
"Rhodobacteraceae","Chitinophagaceae",0.626338330115089,0.43223932600176,0.56776067399824
"Flavobacteriaceae","Rhizobiaceae",0.62199416693773,0.434744656702225,0.565255343297775
"A4b","Gaiellaceae",0.621261441014925,0.435165806897253,0.564834193102747
"Alcaligenaceae","Dermatophilaceae",0.620344527156938,0.435692249668881,0.564307750331119
"Aerococcaceae","Staphylococcaceae",0.620206636094985,0.435771364309895,0.564228635690105
"Micrococcaceae","Beutenbergiaceae",0.619352902491867,0.436260872362015,0.563739127637985
"Brucellaceae","Geodermatophilaceae",0.617882700735679,0.437102561914433,0.562897438085567
"Aerococcaceae","Bacillaceae",0.614971271440099,0.438764588680479,0.561235411319521
"Streptococcaceae","[Weeksellaceae]",0.61482962096988,0.438845291093638,0.561154708906362
"S24-7","Deferribacteraceae",0.613940931171423,0.439351265406495,0.560648734593505
"Staphylococcaceae","[Tissierellaceae]",0.613210032073382,0.439766965520728,0.560233034479272
"Peptostreptococcaceae","Coriobacteriaceae",0.610471262701305,0.441321162702796,0.558678837297204
"Rikenellaceae","p-2534-18B5",0.608168560122559,0.442623677562239,0.557376322437761
"Veillonellaceae","Prevotellaceae",0.607679497860747,0.442899820579808,0.557100179420192
"Brevibacteriaceae","Neisseriaceae",0.598991585827197,0.447776961317129,0.552223038682871
"Ruminococcaceae","Pseudomonadaceae",0.598492369329202,0.448055594023107,0.551944405976893
"Neisseriaceae","Gaiellaceae",0.597894328130108,0.448389156799031,0.551610843200969
"Lachnospiraceae","Prevotellaceae",0.596286217579629,0.449284866437971,0.550715133562029
"Brevibacteriaceae","A4b",0.594005550216664,0.450552133378223,0.549447866621777
"Rhodobacteraceae","Dermabacteraceae",0.592685714046729,0.451283882912558,0.548716117087442
"[Paraprevotellaceae]","Erysipelotrichaceae",0.59141395121941,0.451987858675756,0.548012141324244
"Carnobacteriaceae","Campylobacteraceae",0.589294082617969,0.453158866945154,0.546841133054846
"Bradyrhizobiaceae","Polyangiaceae",0.588799916743955,0.453431407853517,0.546568592146483
"Microbacteriaceae","Brevibacteriaceae",0.588797275735479,0.453432863974658,0.546567136025342
"Bifidobacteriaceae","Sphingobacteriaceae",0.587187766360055,0.454319399563757,0.545680600436243
"Dermabacteraceae","Dietziaceae",0.58444136279338,0.455828167847611,0.544171832152389
"Veillonellaceae","Lactobacillaceae",0.584398889526206,0.455851461812833,0.544148538187167
"Nocardioidaceae","Erythrobacteraceae",0.584291394891047,0.455910410666917,0.544089589333083
"Corynebacteriaceae","Actinomycetaceae",0.583754079788301,0.456204954056671,0.543795045943329
"Intrasporangiaceae","Dietziaceae",0.582491553277718,0.456896293879849,0.543103706120151
"Clostridiaceae","Prevotellaceae",0.581904424435719,0.457217440373987,0.542782559626013
"Rhodobacteraceae","Rhodospirillaceae",0.581061556506846,0.457678076541336,0.542321923458664
"Alcaligenaceae","Chitinophagaceae",0.580749436975153,0.457848535557802,0.542151464442198
"Haloplasmataceae","Eubacteriaceae",0.580154708321508,0.458173161413069,0.541826838586931
"Rhodocyclaceae","Solirubrobacteraceae",0.579486893260471,0.458537406729009,0.541462593270991
"Erythrobacteraceae","A4b",0.578733785020762,0.458947826544172,0.541052173455828
"Brevibacteriaceae","Acholeplasmataceae",0.578073672393554,0.459307265132202,0.540692734867798
"Staphylococcaceae","Clostridiaceae",0.577488682276733,0.45962556375993,0.54037443624007
"Staphylococcaceae","Kineosporiaceae",0.576622492465342,0.460096461372318,0.539903538627682
"Gordoniaceae","Pseudomonadaceae",0.575257918697887,0.460837325583612,0.539162674416388
"Desulfovibrionaceae","Deferribacteraceae",0.574374232413372,0.461316468157504,0.538683531842496
"Dermabacteraceae","Nocardioidaceae",0.574230303768769,0.461394460430135,0.538605539569865
"Rhodobacteraceae","Erythrobacteraceae",0.574170731226675,0.461426737832413,0.538573262167587
"F16","p-2534-18B5",0.57369636746629,0.46168367554729,0.53831632445271
"S24-7","Porphyromonadaceae",0.572322593856105,0.462426970528264,0.537573029471736
"A4b","Polyangiaceae",0.571710886690629,0.462757557101649,0.537242442898351
"Comamonadaceae","Alcaligenaceae",0.570889406302918,0.463201140810924,0.536798859189076
"Micrococcaceae","Xanthomonadaceae",0.570681110389275,0.463313549127761,0.536686450872239
"Sphingomonadaceae","Alcaligenaceae",0.56948804621131,0.463956869648834,0.536043130351166
"Planococcaceae","Xanthomonadaceae",0.567787271044861,0.464872417419629,0.535127582580371
"Clostridiaceae","Porphyromonadaceae",0.565356881625343,0.466177604768106,0.533822395231894
"Ruminococcaceae","Porphyromonadaceae",0.565255644025313,0.466231892932416,0.533768107067584
"Alcaligenaceae","Erythrobacteraceae",0.564364639745346,0.466709417225887,0.533290582774113
"Alcaligenaceae","Microbacteriaceae",0.563080515707467,0.467396771647245,0.532603228352755
"Lachnospiraceae","Porphyromonadaceae",0.562557231649935,0.467676580742539,0.532323419257461
"Moraxellaceae","Pseudomonadaceae",0.561347098504002,0.468323019664845,0.531676980335155
"Microbacteriaceae","Acholeplasmataceae",0.56077007044194,0.46863094731252,0.53136905268748
"Peptostreptococcaceae","Prevotellaceae",0.560559778806506,0.468743117919343,0.531256882080657
"Dietziaceae","Nocardioidaceae",0.560538857681695,0.468754275883594,0.531245724116406
"Bacillaceae","Clostridiaceae",0.560533264490136,0.46875725888239,0.53124274111761
"[Paraprevotellaceae]","Spirochaetaceae",0.560436305393534,0.468808966747899,0.531191033252101
"Bradyrhizobiaceae","Gaiellaceae",0.560019748267919,0.469031050002066,0.530968949997934
"Moraxellaceae","Nocardioidaceae",0.559959288444998,0.469063274812153,0.530936725187847
"C111","Polyangiaceae",0.558348485526424,0.469921011699613,0.530078988300387
"Haloplasmataceae","Propionibacteriaceae",0.557089011930006,0.470590580053402,0.529409419946598
"Dietziaceae","Flavobacteriaceae",0.55551343898731,0.471426855945167,0.528573144054833
"Micrococcaceae","Chitinophagaceae",0.554726240878439,0.471844126339176,0.528155873660824
"Micrococcaceae","Dermabacteraceae",0.55280493185657,0.472861009252946,0.527138990747054
"Bradyrhizobiaceae","Erythrobacteraceae",0.552454489658208,0.473046250562137,0.526953749437863
"Staphylococcaceae","Peptostreptococcaceae",0.55233134389923,0.473111327332568,0.526888672667432
"Pasteurellaceae","Solirubrobacteraceae",0.551677412588451,0.473456749561958,0.526543250438042
"Corynebacteriaceae","Porphyromonadaceae",0.550440214042247,0.474109579083651,0.525890420916349
"Actinomycetaceae","Beutenbergiaceae",0.549895650305313,0.474396642955389,0.525603357044611
"Rhodospirillaceae","Dermatophilaceae",0.549589102869633,0.474558161414577,0.525441838585423
"Enterobacteriaceae","Gaiellaceae",0.549572137866551,0.474567098592733,0.525432901407267
"Desulfovibrionaceae","Clostridiaceae",0.549082987701117,0.474824710971787,0.525175289028213
"Fusobacteriaceae","Succinivibrionaceae",0.549074740235023,0.474829053326024,0.525170946673976
"Deinococcaceae","Geodermatophilaceae",0.548445590683993,0.475160188418604,0.524839811581396
"Lactobacillaceae","[Odoribacteraceae]",0.546528989076858,0.476167518276469,0.523832481723531
"Intrasporangiaceae","Chitinophagaceae",0.54559326967513,0.476658541476427,0.523341458523573
"Spirochaetaceae","[Barnesiellaceae]",0.544019577870127,0.477483205008235,0.522516794991765
"Bacillaceae","Deferribacteraceae",0.543794100708175,0.477601245440077,0.522398754559923
"Gaiellaceae","C111",0.543167746456067,0.477928997626181,0.522071002373819
"Dietziaceae","Beutenbergiaceae",0.542443547306366,0.478307669128164,0.521692330871836
"Erythrobacteraceae","Neisseriaceae",0.540416102987462,0.479366194580165,0.520633805419835
"Oxalobacteraceae","Erysipelotrichaceae",0.539912577167041,0.479628722468202,0.520371277531798
"Sanguibacteraceae","Polyangiaceae",0.539846054719215,0.479663395143295,0.520336604856705
"Aerococcaceae","Dehalobacteriaceae",0.538628755132332,0.480297431217193,0.519702568782807
"Beutenbergiaceae","Erythrobacteraceae",0.538352269395876,0.480441323474638,0.519558676525362
"Enterobacteriaceae","Planococcaceae",0.53712637517327,0.481078800627678,0.518921199372322
"Alcaligenaceae","Rhodospirillaceae",0.536791745933871,0.481252664442561,0.518747335557439
"Enterobacteriaceae","A4b",0.536230894851119,0.48154392590338,0.51845607409662
"Intrasporangiaceae","Xanthomonadaceae",0.536184794615761,0.48156785886531,0.51843214113469
"[Tissierellaceae]","Kineosporiaceae",0.536051376614915,0.481637116190751,0.518362883809249
"Coriobacteriaceae","Prevotellaceae",0.536009741573667,0.48165872691478,0.51834127308522
"Microbacteriaceae","A4b",0.535694296213202,0.481822427760891,0.518177572239109
"Bradyrhizobiaceae","Neisseriaceae",0.534490635387913,0.482446559015653,0.517553440984347
"Eubacteriaceae","Propionibacteriaceae",0.532871005252517,0.483285109820013,0.516714890179987
"A4b","C111",0.531471658990596,0.484008440530433,0.515991559469567
"Beijerinckiaceae","Streptomycetaceae",0.531068523386672,0.484216623327477,0.515783376672523
"Rhodospirillaceae","A4b",0.530903870773738,0.484301625656089,0.515698374343911
"Moraxellaceae","Flavobacteriaceae",0.528489025032572,0.485546586316611,0.514453413683389
"Nocardioidaceae","Beutenbergiaceae",0.528274432159495,0.485657064110317,0.514342935889683
"Peptostreptococcaceae","Lactobacillaceae",0.528104871001411,0.485744340676548,0.514255659323452
"Oxalobacteraceae","p-2534-18B5",0.527342544436836,0.486136532037638,0.513863467962362
"Succinivibrionaceae","Peptococcaceae",0.527341267190896,0.486137188872186,0.513862811127814
"Bacillaceae","Kineosporiaceae",0.52692530547265,0.486351053523764,0.513648946476236
"Comamonadaceae","Streptococcaceae",0.526753079991933,0.486439574874448,0.513560425125552
"Bacteroidaceae","S24-7",0.525810270556567,0.486923879802292,0.513076120197708
"Gordoniaceae","Peptostreptococcaceae",0.52404974817581,0.487826942585273,0.512173057414727
"Corynebacteriaceae","[Tissierellaceae]",0.52222623608691,0.48876055687478,0.51123944312522
"Microbacteriaceae","Neisseriaceae",0.519791862767188,0.490004151631806,0.509995848368194
"Bacillaceae","Elusimicrobiaceae",0.51945304249143,0.490176987173291,0.509823012826709
"Lachnospiraceae","Desulfovibrionaceae",0.519260432198319,0.490275212407114,0.509724787592886
"Brevibacteriaceae","C111",0.517754478764511,0.491042524245858,0.508957475754142
"Neisseriaceae","C111",0.516219800082185,0.491823240564034,0.508176759435966
"Staphylococcaceae","p-2534-18B5",0.515633826275195,0.492121008353029,0.507878991646971
"Bacteroidaceae","Prevotellaceae",0.514206663037856,0.492845481343871,0.507154518656129
"C111","Solirubrobacteraceae",0.512423405658278,0.493749224982542,0.506250775017458
"Nitriliruptoraceae","Alteromonadaceae",0.512083938231568,0.493921077586507,0.506078922413493
"Bacteroidaceae","Desulfovibrionaceae",0.511821394461431,0.494053947225689,0.505946052774311
"Bacillaceae","Bifidobacteriaceae",0.511620766277162,0.494155458192479,0.505844541807521
"S24-7","Clostridiaceae",0.511513357204668,0.494209794922831,0.505790205077169
"Intrasporangiaceae","Flavobacteriaceae",0.509336788920731,0.495309605741333,0.504690394258667
"Rhodospirillaceae","C111",0.508429102981276,0.495767534747246,0.504232465252754
"Prevotellaceae","[Paraprevotellaceae]",0.508235319792177,0.495865243895871,0.504134756104129
"Xanthomonadaceae","Dietziaceae",0.507920042987922,0.496024171292125,0.503975828707875
"Dietziaceae","Pseudomonadaceae",0.506731927266767,0.496622629736721,0.503377370263279
"Gaiellaceae","Polyangiaceae",0.506218256989113,0.496881144244218,0.503118855755782
"Corynebacteriaceae","Intrasporangiaceae",0.505436722376553,0.497274208874463,0.502725791125537
"Oxalobacteraceae","Rikenellaceae",0.505366375358008,0.49730957392855,0.50269042607145
"Brucellaceae","Leuconostocaceae",0.505040324742331,0.497473454195131,0.50252654580487
"Enterobacteriaceae","Bradyrhizobiaceae",0.50447557285505,0.497757183345931,0.502242816654069
"Desulfovibrionaceae","Peptostreptococcaceae",0.503087534906391,0.498453841942064,0.501546158057936
"Aerococcaceae","Porphyromonadaceae",0.503052158317847,0.498471584788016,0.501528415211984
"Moraxellaceae","Beutenbergiaceae",0.502488143767438,0.498754376538473,0.501245623461527
"Flavobacteriaceae","Beutenbergiaceae",0.502126017869027,0.498935858668714,0.501064141331286
"Microbacteriaceae","Bradyrhizobiaceae",0.501553073192677,0.499222859456237,0.500777140543763
"Planococcaceae","Beutenbergiaceae",0.501398611494612,0.499300204539007,0.500699795460993
"Dermabacteraceae","Sphingobacteriaceae",0.500140394392161,0.499929797875581,0.500070202124419
"Nocardioidaceae","Sphingobacteriaceae",0.499714413825806,0.500142772703052,0.499857227296948
"Xanthobacteraceae","Alteromonadaceae",0.499682329253445,0.500158810152613,0.499841189847387
"Sphingomonadaceae","Rhodocyclaceae",0.498366746414972,0.50081596100016,0.49918403899984
"Comamonadaceae","Rhodocyclaceae",0.495827385882105,0.502081972449666,0.497918027550334
"Peptostreptococcaceae","Rikenellaceae",0.495008364798926,0.502489619395801,0.497510380604199
"S24-7","Veillonellaceae",0.49485443964368,0.502566194822294,0.497433805177706
"Bifidobacteriaceae","Planococcaceae",0.494820230768357,0.502583211633478,0.497416788366522
"Micrococcaceae","Erythrobacteraceae",0.494798816100804,0.502593863820081,0.497406136179919
"Brucellaceae","Beijerinckiaceae",0.494591600341226,0.502696926417287,0.497303073582713
"Sanguibacteraceae","C111",0.494120145921046,0.50293133431859,0.49706866568141
"Brevibacteriaceae","Methylobacteriaceae",0.4934549484142,0.503261885893319,0.496738114106681
"Oxalobacteraceae","Dehalobacteriaceae",0.49238923943351,0.503791008537513,0.496208991462487
"Erythrobacteraceae","Gaiellaceae",0.492241128129684,0.503864501562829,0.496135498437171
"Micrococcaceae","Rhizobiaceae",0.491389591564164,0.504286827329366,0.495713172670634
"Rhodobacteraceae","Sphingobacteriaceae",0.490980935008035,0.504489377981323,0.495510622018677
"[Tissierellaceae]","Eubacteriaceae",0.490594676410209,0.504680752352312,0.495319247647688
"Nocardioidaceae","Acholeplasmataceae",0.490056416737705,0.504947315698526,0.495052684301474
"Brevibacteriaceae","Gaiellaceae",0.489375184184904,0.505284482155892,0.494715517844108
"Aerococcaceae","Eubacteriaceae",0.489019015386309,0.505460673353373,0.494539326646627
"Oxalobacteraceae","[Paraprevotellaceae]",0.488696565751575,0.505620131248957,0.494379868751043
"Bradyrhizobiaceae","Brevibacteriaceae",0.485304748949792,0.507294417005651,0.492705582994349
"Nocardioidaceae","Dermatophilaceae",0.485262574720757,0.507315200481537,0.492684799518463
"Nitriliruptoraceae","Xanthobacteraceae",0.485052054628077,0.507418932131982,0.492581067868018
"Moraxellaceae","[Weeksellaceae]",0.484441134827373,0.507719836707523,0.492280163292477
"Clostridiaceae","[Tissierellaceae]",0.483972206702272,0.507950683284179,0.492049316715821
"Planococcaceae","Deferribacteraceae",0.483677171787204,0.508095870979482,0.491904129020518
"A4b","Sanguibacteraceae",0.483084007684448,0.508387643592737,0.491612356407263
"F16","Pseudomonadaceae",0.482847556665651,0.508503905262461,0.491496094737539
"Desulfovibrionaceae","Fusobacteriaceae",0.482609560436603,0.508620899867178,0.491379100132822
"Clostridiaceae","Coriobacteriaceae",0.48236946534037,0.508738898974528,0.491261101025472
"Actinomycetaceae","Kineosporiaceae",0.481985618988941,0.508927490420325,0.491072509579675
"Alteromonadaceae","Phyllobacteriaceae",0.481330202437023,0.509249348336832,0.490750651663168
"Aerococcaceae","Clostridiaceae",0.480977500221367,0.509422467004859,0.490577532995141
"Bacillaceae","[Tissierellaceae]",0.480641969312961,0.509587102803357,0.490412897196643
"Enterobacteriaceae","Neisseriaceae",0.480465937286539,0.509673455613229,0.490326544386771
"Rhodospirillaceae","Polyangiaceae",0.479643620712124,0.510076650753529,0.489923349246471
"Lachnospiraceae","S24-7",0.479614363206037,0.510090990311514,0.489909009688486
"Microbacteriaceae","Flavobacteriaceae",0.479388033161713,0.510201904562442,0.489798095437558
"Microbacteriaceae","Chitinophagaceae",0.479189001901404,0.51029942097684,0.48970057902316
"Xanthomonadaceae","Beutenbergiaceae",0.477746621058446,0.511005566966522,0.488994433033478
"Rhodospirillaceae","Neisseriaceae",0.477551547239695,0.51110099430558,0.48889900569442
"Coriobacteriaceae","[Odoribacteraceae]",0.476457930957602,0.511635646257372,0.488364353742628
"Intrasporangiaceae","Beutenbergiaceae",0.475290870952606,0.51220558814181,0.48779441185819
"Rhodospirillaceae","Gaiellaceae",0.474762825076968,0.512463254742733,0.487536745257267
"[Tissierellaceae]","Succinivibrionaceae",0.47476079249576,0.512464246315897,0.487535753684103
"Ruminococcaceae","Prevotellaceae",0.473859645241254,0.512903672612483,0.487096327387517
"Ruminococcaceae","Desulfovibrionaceae",0.472081697166978,0.513769550884938,0.486230449115062
"S24-7","Prevotellaceae",0.47170638510797,0.51395214509331,0.48604785490669
"[Paraprevotellaceae]","[Barnesiellaceae]",0.470461730215632,0.514557222174739,0.485442777825261
"Nitriliruptoraceae","Phyllobacteriaceae",0.469695310242294,0.514929456215949,0.485070543784051
"p-2534-18B5","Verrucomicrobiaceae",0.468261279804194,0.515625212822165,0.484374787177835
"Gordoniaceae","p-2534-18B5",0.46816039717588,0.515674123271723,0.484325876728277
"Lactobacillaceae","Aeromonadaceae",0.466428701270014,0.516512971148831,0.483487028851169
"Rhodobacteraceae","Beutenbergiaceae",0.465723934865119,0.516853976058461,0.483146023941539
"Bacillaceae","[Chromatiaceae]",0.465177492956249,0.517118220063725,0.482881779936275
"Moraxellaceae","Intrasporangiaceae",0.46503130027767,0.517188891857864,0.482811108142136
"Peptostreptococcaceae","Porphyromonadaceae",0.463827214015861,0.517770598810003,0.482229401189997
"Actinomycetaceae","Porphyromonadaceae",0.463601274468803,0.517879679815301,0.482120320184699
"Micrococcaceae","Rhodobacteraceae",0.463463873215306,0.517946004321249,0.482053995678751
"Neisseriaceae","Methylobacteriaceae",0.462499029440691,0.518411501878242,0.481588498121758
"Alcaligenaceae","A4b",0.462284432017873,0.518514979524279,0.481485020475721
"Alteromonadaceae","[Chloracidobacteraceae]",0.460747734490708,0.519255363722558,0.480744636277442
"Microbacteriaceae","Gaiellaceae",0.460502458557185,0.519373440523683,0.480626559476317
"[Barnesiellaceae]","Dehalobacteriaceae",0.460380760698297,0.519432016389875,0.480567983610125
"Ruminococcaceae","S24-7",0.460017086842435,0.519607021294731,0.480392978705269
"Peptostreptococcaceae","[Paraprevotellaceae]",0.459932640973465,0.519647649386839,0.480352350613161
"Bacillaceae","Rhodocyclaceae",0.459606210805033,0.519804669657251,0.480195330342749
"Erysipelotrichaceae","p-2534-18B5",0.458004496235324,0.520574444131037,0.479425555868963
"Rhodospirillaceae","Sanguibacteraceae",0.457276031656394,0.520924163551474,0.479075836448526
"Alteromonadaceae","Acetobacteraceae",0.456706073162594,0.521197624149135,0.478802375850865
"Staphylococcaceae","Actinomycetaceae",0.456493299354559,0.521299674201625,0.478700325798375
"Peptococcaceae","Propionibacteriaceae",0.455626007615404,0.521715436030311,0.478284563969689
"Enterobacteriaceae","Polyangiaceae",0.455599346558193,0.521728211544003,0.478271788455997
"Actinomycetaceae","Erysipelotrichaceae",0.455404254437122,0.521821686768037,0.478178313231963
"Rikenellaceae","F16",0.455402065240614,0.521822735591018,0.478177264408982
"Spirochaetaceae","p-2534-18B5",0.453749277823333,0.522613969473007,0.477386030526993
"Clostridiaceae","Succinivibrionaceae",0.453486802402216,0.522739513332302,0.477260486667698
"Sphingomonadaceae","Campylobacteraceae",0.451833502078747,0.52352960657505,0.47647039342495
"Dietziaceae","Dermatophilaceae",0.451774476266968,0.523557792288985,0.476442207711015
"Brevibacteriaceae","Polyangiaceae",0.451318527200525,0.523775463724426,0.476224536275574
"Acetobacteraceae","[Chloracidobacteraceae]",0.451139782300512,0.523860772390665,0.476139227609335
"Xanthobacteraceae","Phyllobacteriaceae",0.450796238718729,0.524024694685885,0.475975305314115
"Rhodobacteraceae","Alcaligenaceae",0.450756515535843,0.524043645350345,0.475956354649655
"Nitriliruptoraceae","Bacteriovoracaceae",0.450743211699509,0.524049992033437,0.475950007966563
"Lactobacillaceae","Prevotellaceae",0.450729826219635,0.524056377587548,0.475943622412452
"Pseudomonadaceae","p-2534-18B5",0.450447273814617,0.524191151291866,0.475808848708134
"Acetobacteraceae","Phyllobacteriaceae",0.449644240727093,0.524573998246628,0.475426001753372
"Gordoniaceae","Actinomycetaceae",0.44932921229898,0.524724112129898,0.475275887870102
"Ruminococcaceae","Rhizobiaceae",0.448780041286524,0.52498569443056,0.47501430556944
"[Tissierellaceae]","Porphyromonadaceae",0.448173712049495,0.525274351149237,0.474725648850763
"Deinococcaceae","Beijerinckiaceae",0.447334844612603,0.525673451577782,0.474326548422218
"Neisseriaceae","Polyangiaceae",0.446272072240487,0.526178642553797,0.473821357446203
"Intrasporangiaceae","Alcaligenaceae",0.445153984062339,0.526709604971118,0.473290395028882
"Peptococcaceae","Haloplasmataceae",0.444855599633875,0.526851212566757,0.473148787433243
"Erythrobacteraceae","Brevibacteriaceae",0.444735817478469,0.526908048202687,0.473091951797313
"Lachnospiraceae","Clostridiaceae",0.444420835959369,0.527057475063503,0.472942524936497
"Spirochaetaceae","Leuconostocaceae",0.44433356509979,0.527098868761929,0.472901131238071
"Intrasporangiaceae","F16",0.442864836295556,0.527795018783071,0.472204981216929
"Bacteroidaceae","Coriobacteriaceae",0.442363308307765,0.528032523473808,0.471967476526192
"Microbacteriaceae","Methylobacteriaceae",0.441507120643083,0.528437734911558,0.471562265088442
"Ruminococcaceae","Spirochaetaceae",0.441267877055881,0.528550907171731,0.471449092828269
"Erythrobacteraceae","Dermatophilaceae",0.441213120368125,0.528576805976139,0.471423194023861
"Bacillaceae","Bacteroidaceae",0.440785623259544,0.528778959840715,0.471221040159285
"Lachnospiraceae","Lactobacillaceae",0.438403084003804,0.52990419699989,0.47009580300011
"Clostridiaceae","Oxalobacteraceae",0.437775090566089,0.530200391094684,0.469799608905316
"Lachnospiraceae","Bacteroidaceae",0.435780547591291,0.531140025044578,0.468859974955422
"Erysipelotrichaceae","Dehalobacteriaceae",0.435262671596535,0.531383725947392,0.468616274052608
"Ruminococcaceae","Corynebacteriaceae",0.435240630901842,0.531394095327638,0.468605904672362
"Sphingobacteriaceae","Bradyrhizobiaceae",0.435229824806049,0.531399179145937,0.468600820854063
"S24-7","Succinivibrionaceae",0.434123190779121,0.531919547121968,0.468080452878032
"Xanthomonadaceae","Flavobacteriaceae",0.433355877329094,0.532280059118744,0.467719940881256
"Gordoniaceae","Prevotellaceae",0.432651759620275,0.532610664735379,0.467389335264621
"Succinivibrionaceae","[Chromatiaceae]",0.43207504895326,0.532881295903103,0.467118704096897
"Bifidobacteriaceae","Kineosporiaceae",0.432072169442323,0.532882646817138,0.467117353182862
"Xanthobacteraceae","Acetobacteraceae",0.431962497780205,0.532934096403953,0.467065903596047
"Gordoniaceae","Coriobacteriaceae",0.431458990512234,0.533170239927064,0.466829760072936
"Intrasporangiaceae","Acholeplasmataceae",0.431204065335355,0.533289759260688,0.466710240739312
"S24-7","Peptostreptococcaceae",0.431184061762142,0.533299136619336,0.466700863380664
"F16","Succinivibrionaceae",0.430282899125987,0.533721416505846,0.466278583494154
"Chitinophagaceae","Rhodospirillaceae",0.429908631207407,0.533896698244423,0.466103301755577
"[Tissierellaceae]","p-2534-18B5",0.429809856815654,0.5339429478813,0.4660570521187
"Oxalobacteraceae","[Barnesiellaceae]",0.429338359214999,0.534163664425521,0.465836335574479
"F16","[Tissierellaceae]",0.428322827680261,0.534638743601574,0.465361256398426
"Aerococcaceae","Oxalobacteraceae",0.428124944420916,0.534731266889773,0.465268733110227
"Deinococcaceae","Leuconostocaceae",0.426505193875556,0.53548800459228,0.46451199540772
"Porphyromonadaceae","[Odoribacteraceae]",0.425589574322159,0.535915303792419,0.464084696207581
"Xanthobacteraceae","Bacteriovoracaceae",0.424859486840155,0.536255775334795,0.463744224665205
"[Tissierellaceae]","Campylobacteraceae",0.424057008094805,0.536629756864635,0.463370243135365
"Peptostreptococcaceae","Erysipelotrichaceae",0.423603433198751,0.536841022464402,0.463158977535598
"Phyllobacteriaceae","[Chloracidobacteraceae]",0.423465474988637,0.536905263995131,0.463094736004869
"Caulobacteraceae","Beijerinckiaceae",0.423399074886932,0.536936181083501,0.463063818916499
"Bacteroidaceae","Succinivibrionaceae",0.423382599242754,0.536943852165776,0.463056147834224
"Micrococcaceae","Microbacteriaceae",0.423170049245183,0.53704280590788,0.46295719409212
"Rhodocyclaceae","[Acidaminobacteraceae]",0.422194940779089,0.537496539161375,0.462503460838625
"Micrococcaceae","Pseudomonadaceae",0.422045594532459,0.537565998491135,0.462434001508865
"Lactobacillaceae","Porphyromonadaceae",0.421954212147585,0.537608495027941,0.462391504972059
"Ruminococcaceae","Flavobacteriaceae",0.421935596089123,0.537617151842683,0.462382848157317
"Sphingobacteriaceae","Chitinophagaceae",0.421576122685066,0.537784286361611,0.462215713638389
"Xanthomonadaceae","Rhizobiaceae",0.421225680169877,0.537947172048577,0.462052827951423
"Erythrobacteraceae","Polyangiaceae",0.421109209557433,0.538001296672493,0.461998703327507
"Brucellaceae","Alteromonadaceae",0.421023206371596,0.538041259397643,0.461958740602357
"Haloplasmataceae","[Chromatiaceae]",0.420085204302366,0.538476924156288,0.461523075843712
"Lactobacillaceae","Deferribacteraceae",0.419831740334945,0.53859458763761,0.46140541236239
"Enterobacteriaceae","Rhodocyclaceae",0.419093013276635,0.538937374248328,0.461062625751672
"Staphylococcaceae","Prevotellaceae",0.41878262577848,0.539081336266393,0.460918663733607
"Phyllobacteriaceae","Micromonosporaceae",0.418732687485857,0.539104494747606,0.460895505252394
"Geodermatophilaceae","Xanthobacteraceae",0.418698377921112,0.539120404955557,0.460879595044443
"Bacteroidaceae","[Odoribacteraceae]",0.418691028762371,0.539123812884216,0.460876187115784
"Rhodobacteraceae","C111",0.417589853114792,0.539634203366136,0.460365796633864
"Nitriliruptoraceae","Acetobacteraceae",0.417520791031734,0.539666197277663,0.460333802722337
"Moraxellaceae","Dietziaceae",0.417406778423762,0.539719010956738,0.460280989043262
"Enterobacteriaceae","[Odoribacteraceae]",0.417356865955159,0.539742130116244,0.460257869883756
"Bacillaceae","[Odoribacteraceae]",0.416891097793185,0.539957823448654,0.460042176551346
"[Tissierellaceae]","Haloplasmataceae",0.415614290779299,0.540548660723853,0.459451339276147
"Erythrobacteraceae","Rhodospirillaceae",0.414954375882539,0.540853780664174,0.459146219335826
"Verrucomicrobiaceae","Leuconostocaceae",0.414922892110227,0.540868333279817,0.459131666720183
"Xanthomonadaceae","Alcaligenaceae",0.413979919621369,0.54130401826452,0.45869598173548
"Clostridiaceae","[Odoribacteraceae]",0.412940301689976,0.541783950625166,0.458216049374834
"Oxalobacteraceae","Campylobacteraceae",0.412715804859148,0.541887532215335,0.458112467784665
"Porphyromonadaceae","Deferribacteraceae",0.412699490105303,0.541895058980379,0.458104941019621
"Rikenellaceae","[Barnesiellaceae]",0.412686540563935,0.541901033139846,0.458098966860154
"[Paraprevotellaceae]","F16",0.411636574781662,0.542385206849494,0.457614793150506
"Desulfovibrionaceae","Prevotellaceae",0.411466413417644,0.542463633150811,0.457536366849189
"Bacillaceae","[Acidaminobacteraceae]",0.411180642413183,0.542595317703174,0.457404682296826
"Pseudomonadaceae","Flavobacteriaceae",0.411071473748338,0.542645614674836,0.457354385325164
"Alcaligenaceae","Nocardioidaceae",0.40992407025426,0.543173972933967,0.456826027066033
"Erysipelotrichaceae","Verrucomicrobiaceae",0.409485142997004,0.543375955026994,0.456624044973006
"Nitriliruptoraceae","Geodermatophilaceae",0.408664290370074,0.543753487174991,0.456246512825009
"Enterobacteriaceae","Sanguibacteraceae",0.408362398345624,0.543892269504897,0.456107730495103
"Nitriliruptoraceae","[Chloracidobacteraceae]",0.408258241676272,0.543940142995407,0.456059857004593
"Bacillaceae","Propionibacteriaceae",0.407509416068179,0.544284201466395,0.455715798533605
"Verrucomicrobiaceae","Aeromonadaceae",0.406298440295737,0.544840141557257,0.455159858442743
"Deferribacteraceae","Rhizobiaceae",0.40614783714741,0.544909241457965,0.455090758542035
"Ruminococcaceae","Lactobacillaceae",0.405584594674743,0.545167591353914,0.454832408646086
"[Tissierellaceae]","[Chromatiaceae]",0.405217197767863,0.545336044211336,0.454663955788664
"[Tissierellaceae]","Dehalobacteriaceae",0.404919344964199,0.545472572654117,0.454527427345883
"Xanthobacteraceae","Pasteurellaceae",0.404643121295021,0.54559915629745,0.45440084370255
"Geodermatophilaceae","Acetobacteraceae",0.404559601219529,0.545637424843857,0.454362575156143
"[Tissierellaceae]","Propionibacteriaceae",0.40447821955552,0.545674710997532,0.454325289002468
"Sphingomonadaceae","F16",0.403816434180882,0.545977822726857,0.454022177273143
"Neisseriaceae","Xanthobacteraceae",0.403042101447174,0.546332270030256,0.453667729969744
"Dermabacteraceae","Flavobacteriaceae",0.402796340816313,0.546444717781994,0.453555282218006
"Brucellaceae","Rhodospirillaceae",0.40271418300402,0.546482303920255,0.453517696079745
"Enterobacteriaceae","C111",0.401846712948281,0.546879002637566,0.453120997362434
"Nitriliruptoraceae","Micromonosporaceae",0.401755154187157,0.546920856163322,0.453079143836678
"Rhodospirillaceae","Beijerinckiaceae",0.400861193926216,0.547329336905023,0.452670663094977
"Rikenellaceae","Spirochaetaceae",0.400826880812541,0.547345009654541,0.452654990345459
"F16","Caulobacteraceae",0.400409740190735,0.547535505610945,0.452464494389055
"Oxalobacteraceae","Carnobacteriaceae",0.400158094790189,0.547650392682143,0.452349607317857
"Micrococcaceae","Alcaligenaceae",0.400072290341353,0.547689560635698,0.452310439364302
"p-2534-18B5","Sanguibacteraceae",-0.400016114748069,0.8366648417222,0.1633351582778
"Clostridiaceae","Dietziaceae",-0.400459402199662,0.836797287937665,0.163202712062335
"Moraxellaceae","Deinococcaceae",-0.400473859895951,0.836801607280946,0.163198392719054
"Lachnospiraceae","Bradyrhizobiaceae",-0.401330780359418,0.83705757877204,0.16294242122796
"Flavobacteriaceae","Nitriliruptoraceae",-0.40135753654224,0.837065569875574,0.162934430124426
"Brevibacteriaceae","Peptococcaceae",-0.401940894709057,0.837239778889255,0.162760221110745
"Beutenbergiaceae","Carnobacteriaceae",-0.401942704974949,0.837240319434913,0.162759680565087
"Planococcaceae","Oxalobacteraceae",-0.402374406266386,0.837369215539473,0.162630784460527
"Leuconostocaceae","Propionibacteriaceae",-0.402730578101076,0.837475545344781,0.162524454655219
"Alcaligenaceae","Kineosporiaceae",-0.403118561432307,0.837591356638876,0.162408643361124
"Spirochaetaceae","C111",-0.403142467797407,0.837598492058518,0.162401507941482
"Bifidobacteriaceae","[Weeksellaceae]",-0.403167453628444,0.837605949605315,0.162394050394685
"Lachnospiraceae","Rhodospirillaceae",-0.403225751625858,0.837623349610628,0.162376650389372
"Nocardioidaceae","Deferribacteraceae",-0.403331679218489,0.83765496453447,0.16234503546553
"Veillonellaceae","Rhodocyclaceae",-0.405665126746952,0.838351097913921,0.161648902086079
"Chitinophagaceae","Carnobacteriaceae",-0.405758693338974,0.8383789994206,0.1616210005794
"Peptostreptococcaceae","Sphingomonadaceae",-0.406156422850679,0.838497591782671,0.161502408217329
"Gordoniaceae","Solirubrobacteraceae",-0.406631989539361,0.838639371106366,0.161360628893634
"Microbacteriaceae","Porphyromonadaceae",-0.406997630425455,0.838748362271264,0.161251637728736
"Succinivibrionaceae","Methylobacteriaceae",-0.407280878143863,0.83883278373698,0.16116721626302
"Moraxellaceae","Leuconostocaceae",-0.408130542443943,0.839085973677293,0.160914026322707
"Staphylococcaceae","Microbacteriaceae",-0.40815953133045,0.839094610675831,0.160905389324169
"Aerococcaceae","Alcaligenaceae",-0.408201273268055,0.839107047184105,0.160892952815895
"Planococcaceae","Succinivibrionaceae",-0.409158292396359,0.839392128982742,0.160607871017258
"F16","Rhizobiaceae",-0.409249643763373,0.839419336137598,0.160580663862402
"Clostridiaceae","Polyangiaceae",-0.409573776470644,0.839515865386308,0.160484134613692
"Enterobacteriaceae","Corynebacteriaceae",-0.409691609120892,0.839550954118001,0.160449045881999
"Beutenbergiaceae","Verrucomicrobiaceae",-0.409887775534848,0.839609366174189,0.160390633825811
"Beutenbergiaceae","Campylobacteraceae",-0.410171454037182,0.83969382933221,0.16030617066779
"Rhodospirillaceae","Dehalobacteriaceae",-0.411284565155048,0.840025167823872,0.159974832176128
"Bacillaceae","Neisseriaceae",-0.41163485608102,0.840129411484034,0.159870588515966
"Oxalobacteraceae","A4b",-0.411800059691137,0.840178570213243,0.159821429786757
"Flavobacteriaceae","Elusimicrobiaceae",-0.411871567117917,0.840199847392844,0.159800152607156
"Succinivibrionaceae","Neisseriaceae",-0.412511420478643,0.840390213079211,0.159609786920789
"Coriobacteriaceae","Rhodospirillaceae",-0.412536599156644,0.840397703220518,0.159602296779482
"Moraxellaceae","Brucellaceae",-0.413186980979772,0.84059115537215,0.15940884462785
"Micrococcaceae","[Paraprevotellaceae]",-0.41354197690988,0.840696727991099,0.159303272008901
"Ruminococcaceae","Rhodospirillaceae",-0.41372518106658,0.840751206084945,0.159248793915055
"S24-7","Sphingomonadaceae",-0.413916816563588,0.840808187568243,0.159191812431757
"Flavobacteriaceae","Fusobacteriaceae",-0.414096863562946,0.84086171977411,0.15913828022589
"Flavobacteriaceae","Succinivibrionaceae",-0.41473811115091,0.841052350080216,0.158947649919784
"Bacillaceae","Brevibacteriaceae",-0.414918316030135,0.841105913672629,0.158894086327371
"Enterobacteriaceae","Oxalobacteraceae",-0.415209783556408,0.841192541442329,0.158807458557671
"Deinococcaceae","Dehalobacteriaceae",-0.415474758885551,0.841271287660987,0.158728712339013
"Rhodobacteraceae","Deferribacteraceae",-0.416567054020427,0.841595821644935,0.158404178355065
"S24-7","Beutenbergiaceae",-0.41681063642217,0.841668175833615,0.158331824166385
"Corynebacteriaceae","A4b",-0.416812201493545,0.841668640705339,0.158331359294661
"Sphingomonadaceae","Kineosporiaceae",-0.417203362778143,0.841784818934787,0.158215181065213
"Enterobacteriaceae","[Paraprevotellaceae]",-0.417893595653672,0.841989784870835,0.158010215129165
"Rhodobacteraceae","Porphyromonadaceae",-0.4179070029014,0.841993765683987,0.158006234316013
"Geodermatophilaceae","Haloplasmataceae",-0.418091210454274,0.842048457766616,0.157951542233384
"Kineosporiaceae","Aeromonadaceae",-0.418818112785306,0.842264243805145,0.157735756194855
"Planococcaceae","Campylobacteraceae",-0.419240246778148,0.842389531861047,0.157610468138953
"Prevotellaceae","Flavobacteriaceae",-0.419454168891985,0.842453016165289,0.157546983834711
"Clostridiaceae","Bradyrhizobiaceae",-0.419474104908443,0.842458932206325,0.157541067793675
"Desulfovibrionaceae","Dermatophilaceae",-0.419770427766683,0.842546861535512,0.157453138464488
"Brucellaceae","Propionibacteriaceae",-0.420023702890245,0.842622009827136,0.157377990172864
"Beutenbergiaceae","Streptomycetaceae",-0.420217763090988,0.842679584151351,0.157320415848649
"Aerococcaceae","Chitinophagaceae",-0.4202556474678,0.842690823335522,0.157309176664478
"Brucellaceae","Haloplasmataceae",-0.421212115839657,0.842974529816784,0.157025470183216
"Microbacteriaceae","Succinivibrionaceae",-0.42154211128423,0.843072390511108,0.156927609488892
"Beutenbergiaceae","Leuconostocaceae",-0.421822887604475,0.843155646249397,0.156844353750603
"Nocardioidaceae","Carnobacteriaceae",-0.422275943187062,0.843289968868082,0.156710031131918
"Micrococcaceae","Peptococcaceae",-0.422666477242237,0.843405737839812,0.156594262160188
"Spirochaetaceae","Sanguibacteraceae",-0.423786666157772,0.843737715809176,0.156262284190824
"Leuconostocaceae","Peptococcaceae",-0.424536697369768,0.843959921255082,0.156040078744918
"Desulfovibrionaceae","Sphingobacteriaceae",-0.425271381198058,0.844177523154359,0.155822476845641
"Micrococcaceae","Prevotellaceae",-0.42582472803129,0.844341378836573,0.155658621163427
"Porphyromonadaceae","Acholeplasmataceae",-0.426991536479129,0.844686787063444,0.155313212936556
"Bacteroidaceae","[Weeksellaceae]",-0.427232298370543,0.844758041799705,0.155241958200295
"Comamonadaceae","Pseudomonadaceae",-0.428329981124046,0.845082830592376,0.154917169407624
"Rikenellaceae","Bradyrhizobiaceae",-0.42836883185974,0.845094323688114,0.154905676311886
"Intrasporangiaceae","Peptococcaceae",-0.428551561812679,0.845148378041595,0.154851621958405
"[Paraprevotellaceae]","Sanguibacteraceae",-0.428772197288188,0.845213640829402,0.154786359170598
"Porphyromonadaceae","Dermatophilaceae",-0.429545732312952,0.845442408539148,0.154557591460852
"Veillonellaceae","Sphingomonadaceae",-0.430662829068351,0.845772673083125,0.154227326916875
"Enterobacteriaceae","Rikenellaceae",-0.431569937106261,0.846040760574294,0.153959239425706
"Pseudomonadaceae","Micromonosporaceae",-0.431828644564999,0.846117203632274,0.153882796367726
"Moraxellaceae","Clostridiaceae",-0.431861615628699,0.846126945448701,0.153873054551299
"Dietziaceae","Elusimicrobiaceae",-0.431919517259096,0.846144053119531,0.153855946880469
"Desulfovibrionaceae","Acholeplasmataceae",-0.432170484041207,0.846218200005533,0.153781799994467
"Enterobacteriaceae","Dehalobacteriaceae",-0.432302970756193,0.846257339925685,0.153742660074315
"Lactobacillaceae","Xanthomonadaceae",-0.432928956493504,0.846442247437326,0.153557752562674
"Intrasporangiaceae","Solirubrobacteraceae",-0.433021553897832,0.84646959599794,0.15353040400206
"S24-7","Sphingobacteriaceae",-0.434075379700111,0.846780780279085,0.153219219720915
"Veillonellaceae","C111",-0.434273704283671,0.846839330771685,0.153160669228315
"Kineosporiaceae","A4b",-0.434737648601996,0.846976283198649,0.153023716801351
"Erysipelotrichaceae","Beijerinckiaceae",-0.435013638571339,0.847057742592363,0.152942257407637
"Lactobacillaceae","Chitinophagaceae",-0.435089574710909,0.847080154032341,0.152919845967659
"[Tissierellaceae]","Phyllobacteriaceae",-0.43588989859181,0.847316321863273,0.152683678136727
"[Tissierellaceae]","Xanthobacteraceae",-0.436135390476882,0.847388750951086,0.152611249048914
"p-2534-18B5","Neisseriaceae",-0.4364329252266,0.847476526290434,0.152523473709566
"Intrasporangiaceae","Aeromonadaceae",-0.437246700453851,0.847716550638788,0.152283449361212
"Bifidobacteriaceae","Leuconostocaceae",-0.43741548444389,0.847766325246494,0.152233674753506
"Gordoniaceae","Brevibacteriaceae",-0.437957059857267,0.847926016777781,0.152073983222219
"Kineosporiaceae","Gaiellaceae",-0.438713221756911,0.848148932015159,0.151851067984841
"Dermabacteraceae","Carnobacteriaceae",-0.439724011203916,0.848446819548496,0.151553180451504
"Micrococcaceae","Aeromonadaceae",-0.440386330613183,0.84864195353906,0.15135804646094
"Deferribacteraceae","p-2534-18B5",-0.440713009089874,0.848738183743925,0.151261816256075
"Dermabacteraceae","Verrucomicrobiaceae",-0.441043162784669,0.848835426565323,0.151164573434677
"Moraxellaceae","Solirubrobacteraceae",-0.441306743322298,0.848913053063239,0.151086946936761
"Dietziaceae","Succinivibrionaceae",-0.44220932791303,0.849178817420992,0.150821182579008
"Rhodobacteraceae","Carnobacteriaceae",-0.442378404639636,0.849228592500169,0.150771407499831
"[Tissierellaceae]","Alcaligenaceae",-0.44244598695276,0.849248487473708,0.150751512526292
"Dietziaceae","Prevotellaceae",-0.444065192859088,0.849725012241928,0.150274987758072
"[Tissierellaceae]","[Chloracidobacteraceae]",-0.444084403585963,0.849730664265437,0.150269335734563
"Actinomycetaceae","Beijerinckiaceae",-0.444295160937973,0.849792669107581,0.150207330892419
"Clostridiaceae","Brevibacteriaceae",-0.445475264591188,0.850139772211366,0.149860227788634
"[Tissierellaceae]","Acetobacteraceae",-0.446457506531244,0.85042857034887,0.14957142965113
"Deinococcaceae","Propionibacteriaceae",-0.446777138335683,0.850522527137196,0.149477472862804
"Dermabacteraceae","[Barnesiellaceae]",-0.447275465008648,0.850668991150097,0.149331008849903
"Sphingomonadaceae","Dermabacteraceae",-0.448587772416912,0.851054572990743,0.148945427009257
"Clostridiaceae","Gaiellaceae",-0.448749471239149,0.851102071210953,0.148897928789047
"Porphyromonadaceae","Nitriliruptoraceae",-0.449248464246315,0.851248631201929,0.148751368798071
"Bacillaceae","Rikenellaceae",-0.449983440974199,0.851464456385056,0.148535543614944
"Veillonellaceae","Xanthomonadaceae",-0.450074187372358,0.851491100180254,0.148508899819746
"Comamonadaceae","Prevotellaceae",-0.450320619335321,0.851563450171307,0.148436549828693
"Nocardioidaceae","Porphyromonadaceae",-0.450416268141625,0.851591530060517,0.148408469939483
"Bacteroidaceae","Brevibacteriaceae",-0.450584048931583,0.851640783702725,0.148359216297275
"Planococcaceae","Peptostreptococcaceae",-0.450894454514918,0.851731898696684,0.148268101303316
"Spirochaetaceae","Sphingobacteriaceae",-0.451041806113356,0.851775148179775,0.148224851820225
"Sphingomonadaceae","Deferribacteraceae",-0.451174534156749,0.851814103592078,0.148185896407922
"Methylobacteriaceae","Peptococcaceae",-0.451853661117636,0.852013398109923,0.147986601890077
"Bifidobacteriaceae","Spirochaetaceae",-0.451906956707728,0.852029036097869,0.147970963902131
"Brevibacteriaceae","[Chromatiaceae]",-0.452980748923972,0.852344047003313,0.147655952996687
"Peptostreptococcaceae","C111",-0.454099031204047,0.852671985937162,0.147328014062838
"Intrasporangiaceae","Coriobacteriaceae",-0.454397744747475,0.8527595630503,0.1472404369497
"Moraxellaceae","Pasteurellaceae",-0.454476814568613,0.852782743308228,0.147217256691772
"[Paraprevotellaceae]","C111",-0.455587966020559,0.853108423947554,0.146891576052446
"Desulfovibrionaceae","F16",-0.456085965721956,0.853254348281319,0.146745651718681
"Methylobacteriaceae","[Chromatiaceae]",-0.4561430930299,0.853271086182433,0.146728913817567
"Micrococcaceae","Solirubrobacteraceae",-0.456686518923623,0.853430289749439,0.146569710250561
"Porphyromonadaceae","Erythrobacteraceae",-0.457664661503195,0.853716774317805,0.146283225682195
"Rikenellaceae","Sanguibacteraceae",-0.457757658763169,0.853744006937433,0.146255993062567
"[Tissierellaceae]","Alteromonadaceae",-0.457957978486158,0.853802664111022,0.146197335888978
"Dermabacteraceae","Rhodocyclaceae",-0.458787613231139,0.854045553009656,0.145954446990344
"Veillonellaceae","Pasteurellaceae",-0.459040589910477,0.854119602254414,0.145880397745586
"[Tissierellaceae]","Deinococcaceae",-0.460941617701721,0.854675850162423,0.145324149837577
"Porphyromonadaceae","C111",-0.461529321356728,0.854847741225514,0.145152258774486
"Staphylococcaceae","Solirubrobacteraceae",-0.462371633062237,0.855094039583436,0.144905960416564
"Veillonellaceae","Sphingobacteriaceae",-0.462555243698442,0.855147719314752,0.144852280685248
"Oxalobacteraceae","Nocardioidaceae",-0.463012511010926,0.85528138966393,0.14471861033607
"Brucellaceae","Eubacteriaceae",-0.463081556569305,0.855301571543425,0.144698428456575
"Gordoniaceae","Rhodocyclaceae",-0.463296840795208,0.855364495637739,0.144635504362261
"[Paraprevotellaceae]","Bradyrhizobiaceae",-0.463611665516745,0.855456505474342,0.144543494525658
"Clostridiaceae","[Weeksellaceae]",-0.463993954204452,0.8555682188477,0.1444317811523
"[Tissierellaceae]","Methylobacteriaceae",-0.464470319327401,0.855707403067018,0.144292596932982
"Lactobacillaceae","Acholeplasmataceae",-0.465039854006529,0.85587377983162,0.14412622016838
"[Paraprevotellaceae]","Deferribacteraceae",-0.466386193141278,0.856266954033985,0.143733045966015
"Gordoniaceae","Microbacteriaceae",-0.466553602598239,0.856315830344809,0.143684169655191
"Rikenellaceae","Deferribacteraceae",-0.467332720859936,0.856543262439188,0.143456737560812
"Peptostreptococcaceae","Pasteurellaceae",-0.467472656390733,0.856584104566135,0.143415895433865
"[Tissierellaceae]","Erythrobacteraceae",-0.468037016978116,0.856748801276698,0.143251198723302
"Deinococcaceae","Peptococcaceae",-0.468515424336011,0.856888389563078,0.143111610436922
"[Tissierellaceae]","Brucellaceae",-0.468902851233897,0.857001415177915,0.142998584822085
"Micrococcaceae","Succinivibrionaceae",-0.469399302058035,0.857146224998406,0.142853775001594
"Streptococcaceae","Spirochaetaceae",-0.469603130675877,0.857205672716845,0.142794327283155
"Succinivibrionaceae","Brevibacteriaceae",-0.469836081324927,0.857273608985173,0.142726391014827
"Prevotellaceae","Bradyrhizobiaceae",-0.47021705970289,0.85738470353246,0.14261529646754
"Prevotellaceae","Brevibacteriaceae",-0.470380111151628,0.857432245472384,0.142567754527616
"Rhodobacteraceae","Succinivibrionaceae",-0.472196925383989,0.857961807245517,0.142038192754483
"Xanthomonadaceae","Aeromonadaceae",-0.472767375809419,0.858128013704663,0.141871986295337
"Micrococcaceae","Verrucomicrobiaceae",-0.473212464793812,0.858257672495216,0.141742327504784
"p-2534-18B5","Polyangiaceae",-0.474063989703022,0.85850567549173,0.14149432450827
"Deinococcaceae","Haloplasmataceae",-0.475698812813119,0.858981610051437,0.141018389948563
"Staphylococcaceae","Sphingomonadaceae",-0.476358567828063,0.859173605224248,0.140826394775752
"Ruminococcaceae","Sphingobacteriaceae",-0.47793067403775,0.859630930701586,0.140369069298414
"Actinomycetaceae","Rhodospirillaceae",-0.479254358121315,0.860015801634282,0.139984198365718
"Coriobacteriaceae","C111",-0.479889674333228,0.860200463361078,0.139799536638922
"Porphyromonadaceae","Sphingobacteriaceae",-0.481772899828196,0.860747611041761,0.139252388958239
"Veillonellaceae","Solirubrobacteraceae",-0.482791687150019,0.861043462070882,0.138956537929118
"Planococcaceae","Spirochaetaceae",-0.48335841941886,0.861207994452809,0.138792005547191
"Lachnospiraceae","Comamonadaceae",-0.483867967193694,0.861355898335205,0.138644101664795
"Clostridiaceae","Sphingomonadaceae",-0.484445252601682,0.861523433402041,0.138476566597959
"Bacteroidaceae","Streptococcaceae",-0.484776194127314,0.861619461864492,0.138380538135508
"Desulfovibrionaceae","Alcaligenaceae",-0.485643323624367,0.861871023884771,0.138128976115229
"S24-7","Cyclobacteriaceae",-0.485794158397732,0.861914774904611,0.138085225095389
"Kineosporiaceae","Methylobacteriaceae",-0.485830554760611,0.861925331673403,0.138074668326597
"Sphingomonadaceae","Lactobacillaceae",-0.485961821438236,0.861963404512696,0.138036595487304
"Comamonadaceae","Dermabacteraceae",-0.486956824038051,0.862251942310961,0.137748057689039
"Desulfovibrionaceae","Chitinophagaceae",-0.488313458701386,0.862645193199784,0.137354806800216
"Pseudomonadaceae","Pasteurellaceae",-0.488810760848887,0.862789302451325,0.137210697548675
"Prevotellaceae","Erythrobacteraceae",-0.489533817454816,0.862998788369606,0.137001211630394
"Microbacteriaceae","Kineosporiaceae",-0.490124661686318,0.863169931614372,0.136830068385628
"Erythrobacteraceae","Succinivibrionaceae",-0.490150834822148,0.863177512109227,0.136822487890773
"Aerococcaceae","Aeromonadaceae",-0.490942641300703,0.863406810634681,0.136593189365319
"Aerococcaceae","Bradyrhizobiaceae",-0.491375897423287,0.863532251112628,0.136467748887372
"Actinomycetaceae","Leuconostocaceae",-0.492100241835123,0.863741929581725,0.136258070418275
"p-2534-18B5","Gaiellaceae",-0.492258708604505,0.863787794717113,0.136212205282887
"Porphyromonadaceae","Polyangiaceae",-0.493515245897878,0.864151388906446,0.135848611093554
"Gordoniaceae","Sanguibacteraceae",-0.495373728948961,0.864688883052443,0.135311116947557
"Deinococcaceae","Eubacteriaceae",-0.496468649757725,0.865005390086595,0.134994609913405
"Bacteroidaceae","Alcaligenaceae",-0.49694353130061,0.865142627345517,0.134857372654483
"Bacillaceae","Alcaligenaceae",-0.498428240200808,0.865571556891979,0.134428443108021
"Rhodobacteraceae","Lactobacillaceae",-0.498947899317134,0.865721635203006,0.134278364796994
"Kineosporiaceae","Brevibacteriaceae",-0.499583625409837,0.865905198451261,0.134094801548739
"p-2534-18B5","C111",-0.499777264231674,0.86596110311944,0.13403889688056
"Chitinophagaceae","[Odoribacteraceae]",-0.499836059117788,0.865978076835028,0.134021923164972
"Geodermatophilaceae","Eubacteriaceae",-0.500210459533214,0.866086156087607,0.133913843912393
"Clostridiaceae","Microbacteriaceae",-0.500215761984723,0.866087686664786,0.133912313335214
"Beutenbergiaceae","Beijerinckiaceae",-0.500333049709694,0.866121541618061,0.133878458381939
"Staphylococcaceae","Rhodocyclaceae",-0.501089962134837,0.866339991612657,0.133660008387343
"Porphyromonadaceae","Gaiellaceae",-0.501269595636784,0.866391826957291,0.133608173042709
"[Tissierellaceae]","Rhodospirillaceae",-0.501446620897726,0.866442906629665,0.133557093370335
"Coriobacteriaceae","Acholeplasmataceae",-0.501717558994328,0.866521078507132,0.133478921492868
"Sphingomonadaceae","Porphyromonadaceae",-0.502169812367844,0.866651548307578,0.133348451692422
"Dietziaceae","Carnobacteriaceae",-0.503132395837974,0.8669291769914,0.1330708230086
"Bradyrhizobiaceae","p-2534-18B5",-0.503280305474018,0.866971829263794,0.133028170736206
"Micrococcaceae","Fusobacteriaceae",-0.504018328558024,0.867184619489421,0.132815380510579
"Xanthomonadaceae","Erysipelotrichaceae",-0.504401157274499,0.867294977869265,0.132705022130735
"Kineosporiaceae","Neisseriaceae",-0.505090175938127,0.867493566528919,0.132506433471081
"Erysipelotrichaceae","Rhodospirillaceae",-0.505211172968984,0.867528435548076,0.132471564451924
"Staphylococcaceae","Erythrobacteraceae",-0.506831216741128,0.867995166098616,0.132004833901384
"Rhodobacteraceae","[Odoribacteraceae]",-0.507151052735015,0.868087280385738,0.131912719614262
"S24-7","Erythrobacteraceae",-0.507262399207027,0.868119346405501,0.131880653594499
"Oxalobacteraceae","Chitinophagaceae",-0.509577884082111,0.868785901152324,0.131214098847676
"p-2534-18B5","A4b",-0.511100784072047,0.869224017176253,0.130775982823747
"Bifidobacteriaceae","Sphingomonadaceae",-0.51207437579175,0.869503989580194,0.130496010419806
"Bacillaceae","Erythrobacteraceae",-0.512451282216601,0.869612351055515,0.130387648944485
"Aerococcaceae","Erythrobacteraceae",-0.513828192146915,0.870008101153925,0.129991898846075
"Clostridiaceae","Xanthomonadaceae",-0.51396272199801,0.870046757938333,0.129953242061667
"Desulfovibrionaceae","Sphingomonadaceae",-0.515800395900708,0.870574636633961,0.129425363366039
"S24-7","Acholeplasmataceae",-0.517409822952227,0.871036687789965,0.128963312210035
"Clostridiaceae","Rhodospirillaceae",-0.521499219960571,0.872209613556446,0.127790386443554
"Clostridiaceae","Neisseriaceae",-0.522284483739453,0.872434663381578,0.127565336618422
"Gordoniaceae","Sphingomonadaceae",-0.522543365549997,0.872508843952311,0.127491156047689
"Porphyromonadaceae","A4b",-0.524208435183387,0.872985806065421,0.127014193934579
"Bifidobacteriaceae","Rikenellaceae",-0.52623958892192,0.873567281015584,0.126432718984416
"Ruminococcaceae","Pasteurellaceae",-0.526725192354684,0.873706241351944,0.126293758648056
"Nocardioidaceae","[Odoribacteraceae]",-0.52932379654527,0.874449482973508,0.125550517026492
"Porphyromonadaceae","Bradyrhizobiaceae",-0.530379570116789,0.874751270395416,0.125248729604584
"Peptostreptococcaceae","Solirubrobacteraceae",-0.530458270478742,0.874773762317647,0.125226237682353
"Rhodobacteraceae","Coriobacteriaceae",-0.530473916100266,0.874778233639894,0.125221766360106
"Planococcaceae","Leuconostocaceae",-0.530993345294166,0.87492666701106,0.12507333298894
"Porphyromonadaceae","Chitinophagaceae",-0.535776948263816,0.876292459246288,0.123707540753712
"Sphingomonadaceae","Coriobacteriaceae",-0.536036395059953,0.876366474444325,0.123633525555675
"Clostridiaceae","Streptococcaceae",-0.537124825382865,0.876676914656381,0.123323085343619
"Lachnospiraceae","Pasteurellaceae",-0.537559387870135,0.87680082911404,0.12319917088596
"Peptostreptococcaceae","Comamonadaceae",-0.538402447430089,0.877041175609814,0.122958824390186
"Intrasporangiaceae","Clostridiaceae",-0.539276538459401,0.877290299290777,0.122709700709223
"Aerococcaceae","Gaiellaceae",-0.54027111433219,0.877573676203938,0.122426323796062
"Xanthomonadaceae","Verrucomicrobiaceae",-0.540821343770897,0.877730409570871,0.122269590429129
"Corynebacteriaceae","Bradyrhizobiaceae",-0.540931139950551,0.877761681765202,0.122238318234798
"Flavobacteriaceae","Aeromonadaceae",-0.541870011439404,0.878029046056964,0.121970953943036
"Enterobacteriaceae","Aerococcaceae",-0.542629318352006,0.878245215857168,0.121754784142832
"S24-7","Chitinophagaceae",-0.544023161611352,0.878641895658109,0.121358104341891
"Gordoniaceae","Erythrobacteraceae",-0.546821065498721,0.879437623000836,0.120562376999164
"Bacteroidaceae","Sphingomonadaceae",-0.547742535835028,0.879699532748264,0.120300467251736
"[Tissierellaceae]","Gaiellaceae",-0.548587432250122,0.879939609362518,0.120060390637482
"Clostridiaceae","Nocardioidaceae",-0.548971204560504,0.880048636315205,0.119951363684795
"Intrasporangiaceae","Fusobacteriaceae",-0.552612277015704,0.88108236760694,0.11891763239306
"Aerococcaceae","Neisseriaceae",-0.554918081675143,0.881736378311325,0.118263621688675
"Bifidobacteriaceae","[Barnesiellaceae]",-0.555967076661776,0.882033751242484,0.117966248757516
"Staphylococcaceae","Alcaligenaceae",-0.556145472963274,0.882084313703422,0.117915686296578
"Porphyromonadaceae","Neisseriaceae",-0.557844151991882,0.882565621353982,0.117434378646018
"Xanthomonadaceae","Succinivibrionaceae",-0.559196521101129,0.882948617163289,0.117051382836711
"Xanthomonadaceae","[Paraprevotellaceae]",-0.559588204886552,0.883059512401784,0.116940487598216
"Lactobacillaceae","Sphingobacteriaceae",-0.562855002123943,0.883983880544194,0.116016119455806
"Rhodobacteraceae","Clostridiaceae",-0.563792642612024,0.884249015439662,0.115750984560338
"F16","[Odoribacteraceae]",-0.564645790027816,0.88449018932598,0.11550981067402
"Gordoniaceae","Alcaligenaceae",-0.565201228229018,0.884647169279656,0.115352830720344
"Lactobacillaceae","Nocardioidaceae",-0.566572103540778,0.885034491853503,0.114965508146497
"Ruminococcaceae","C111",-0.567198194345723,0.885211329103317,0.114788670896683
"Staphylococcaceae","Sanguibacteraceae",-0.567246800195203,0.885225056184924,0.114774943815076
"Staphylococcaceae","Neisseriaceae",-0.568560811149855,0.885596073599543,0.114403926400457
"Alcaligenaceae","Porphyromonadaceae",-0.5698830502055,0.885969257425307,0.114030742574693
"Lachnospiraceae","C111",-0.570206211701751,0.88606044142083,0.11393955857917
"Clostridiaceae","A4b",-0.571146001114364,0.886325561268083,0.113674438731917
"Coriobacteriaceae","Nocardioidaceae",-0.571772236355424,0.886502181710633,0.113497818289367
"Lachnospiraceae","Solirubrobacteraceae",-0.573660925637149,0.88703464578255,0.11296535421745
"Intrasporangiaceae","[Odoribacteraceae]",-0.574089403202673,0.887155398789488,0.112844601210512
"Aerococcaceae","Rhodospirillaceae",-0.577706252239442,0.88817404044462,0.11182595955538
"[Tissierellaceae]","A4b",-0.577748943693899,0.888186056998729,0.111813943001271
"Gordoniaceae","Polyangiaceae",-0.579232050735276,0.888603412871928,0.111396587128072
"Bacteroidaceae","Comamonadaceae",-0.580400812037364,0.888932171776161,0.111067828223839
"Micrococcaceae","Clostridiaceae",-0.582880234424844,0.889629202090636,0.110370797909364
"Intrasporangiaceae","Bacteroidaceae",-0.583797218103719,0.889886851825478,0.110113148174522
"Bacillaceae","Microbacteriaceae",-0.584595717725797,0.890111149723954,0.109888850276046
"Intrasporangiaceae","Lactobacillaceae",-0.585044035450058,0.890237057038758,0.109762942961242
"Bacillaceae","[Weeksellaceae]",-0.585703142114624,0.890422130821843,0.109577869178157
"Gordoniaceae","Rhodospirillaceae",-0.58610397469092,0.890534663752883,0.109465336247117
"Intrasporangiaceae","S24-7",-0.588465922373763,0.891197487197356,0.108802512802644
"Staphylococcaceae","Polyangiaceae",-0.589494563018221,0.891485996249582,0.108514003750418
"Rhodobacteraceae","Desulfovibrionaceae",-0.59064045907752,0.891807282734762,0.108192717265238
"Prevotellaceae","C111",-0.591894179132174,0.892158668380287,0.107841331619713
"Desulfovibrionaceae","Nocardioidaceae",-0.59236476644829,0.892290526243636,0.107709473756364
"Planococcaceae","F16",-0.592407298773112,0.892302442777423,0.107697557222577
"Staphylococcaceae","Gaiellaceae",-0.594122835014498,0.892782962151076,0.107217037848924
"Ruminococcaceae","Solirubrobacteraceae",-0.594451157338412,0.892874895306843,0.107125104693157
"Rhodobacteraceae","Veillonellaceae",-0.594878848833683,0.892994638515171,0.107005361484829
"Rhodobacteraceae","Prevotellaceae",-0.595088132347559,0.893053226954463,0.106946773045537
"Gordoniaceae","Gaiellaceae",-0.596857410617721,0.893548378829518,0.106451621170482
"Porphyromonadaceae","Rhodospirillaceae",-0.599497693065731,0.894286780922577,0.105713219077423
"Clostridiaceae","Dermatophilaceae",-0.601612627805631,0.894877820656438,0.105122179343562
"Staphylococcaceae","C111",-0.602021962375418,0.894992168227024,0.105007831772976
"[Tissierellaceae]","Neisseriaceae",-0.602130579901317,0.895022508069299,0.104977491930701
"Xanthomonadaceae","Fusobacteriaceae",-0.602554525190712,0.895140917730474,0.104859082269526
"S24-7","Rhodobacteraceae",-0.605752963844848,0.896033750437127,0.103966249562873
"Coriobacteriaceae","Sphingobacteriaceae",-0.607595413507481,0.896547660057033,0.103452339942967
"Prevotellaceae","Beutenbergiaceae",-0.609178962631304,0.896989119953889,0.103010880046111
"Corynebacteriaceae","Rhodospirillaceae",-0.613296339888674,0.898135941795192,0.101864058204808
"Peptostreptococcaceae","Rhodocyclaceae",-0.614269975604162,0.898406916604097,0.101593083395903
"Staphylococcaceae","Rhodospirillaceae",-0.61500599127491,0.898611704596293,0.101388295403707
"Gordoniaceae","C111",-0.615040597637813,0.898621332274561,0.101378667725439
"Staphylococcaceae","A4b",-0.618510370359131,0.899586118823298,0.100413881176702
"Clostridiaceae","Comamonadaceae",-0.620035223329305,0.900009784204956,0.0999902157950435
"Gordoniaceae","Neisseriaceae",-0.620642533769192,0.900178463908461,0.0998215360915393
"Intrasporangiaceae","Desulfovibrionaceae",-0.620807991763065,0.900224414177672,0.0997755858223281
"Aerococcaceae","A4b",-0.622491745975494,0.900691885712171,0.0993081142878288
"Xanthomonadaceae","Prevotellaceae",-0.628010861325985,0.902222495099182,0.0977775049008185
"Enterobacteriaceae","Gordoniaceae",-0.62966887533086,0.902681803109728,0.097318196890272
"Pseudomonadaceae","Solirubrobacteraceae",-0.630105139580178,0.902802619507769,0.0971973804922313
"Clostridiaceae","Chitinophagaceae",-0.630935118466697,0.903032424242534,0.0969675757574656
"Enterobacteriaceae","F16",-0.631831833481312,0.903280641185593,0.0967193588144071
"Micrococcaceae","Oxalobacteraceae",-0.638071994002254,0.905006075670836,0.094993924329164
"Rikenellaceae","Xanthomonadaceae",-0.640347048029089,0.905634321354124,0.0943656786458761
"Planococcaceae","Verrucomicrobiaceae",-0.645517988769172,0.907060634348435,0.0929393656515646
"Gordoniaceae","A4b",-0.645590772762893,0.907080694525821,0.0929193054741786
"Ruminococcaceae","Sphingomonadaceae",-0.648129193367431,0.907780037610277,0.0922199623897233
"F16","Deferribacteraceae",-0.648375674266584,0.907847915200168,0.0921520847998318
"Clostridiaceae","Erythrobacteraceae",-0.652360958622677,0.908944706410318,0.0910552935896823
"Enterobacteriaceae","[Tissierellaceae]",-0.668696575932078,0.913426673557346,0.0865733264426538
"Gordoniaceae","Bradyrhizobiaceae",-0.672282353278618,0.914407554999033,0.0855924450009673
"Lachnospiraceae","Rhodocyclaceae",-0.672693737762487,0.914520021039038,0.0854799789609616
"Beutenbergiaceae","Succinivibrionaceae",-0.674889171087232,0.915119984233552,0.0848800157664482
"Lachnospiraceae","Sphingomonadaceae",-0.675670625852327,0.915333443574615,0.0846665564253847
"S24-7","Nocardioidaceae",-0.678783545979157,0.916183263866776,0.083816736133224
"Planococcaceae","Rikenellaceae",-0.68288351021411,0.917301343674506,0.0826986563254936
"Enterobacteriaceae","Staphylococcaceae",-0.68389237666529,0.917576257502691,0.0824237424973089
"Peptostreptococcaceae","Xanthomonadaceae",-0.684689465710177,0.917793404233811,0.0822065957661886
"Pseudomonadaceae","Rhodocyclaceae",-0.686628408823951,0.918321405833478,0.081678594166522
"Enterobacteriaceae","Pseudomonadaceae",-0.692140902378798,0.91982087994859,0.0801791200514097
"Ruminococcaceae","Rhodocyclaceae",-0.701345964619898,0.922319349417515,0.0776806505824845
"Staphylococcaceae","Bradyrhizobiaceae",-0.709279332440504,0.924467233719104,0.0755327662808963
"Enterobacteriaceae","p-2534-18B5",-0.721284809097052,0.927708146212227,0.0722918537877735
"Planococcaceae","[Paraprevotellaceae]",-0.747119119600373,0.93464408188368,0.0653559181163204
"Planococcaceae","p-2534-18B5",-0.778012140659787,0.942871184377746,0.0571288156222539
"Clostridiaceae","Alcaligenaceae",-0.878739454279557,0.969210878570695,0.0307891214293049
