"","DZ13.78_S62","DZ13.79_S63","DZ13.81_S64","DZ13.83_S66","DZ14.84_S67","DZ14.85_S68","DZ14.86_S69","DZ14.87_S70","DZ14.88_S71","DZ15.90_S72","DZ15.91_S73","DZ15.94_S74","DZ15.95_S75","DZ15.96_S76","DZ16.100_S79","DZ16.101_S80","DZ16.103_S81","DZ16.98_S77","DZ16.99_S78","DZ17.107_S82","DZ17.108_S83","DZ17.109_S84","DZ17.110_S85","DZ17.111_S86","DZ18.112_S87","DZ18.113_S88","DZ18.114_S89","DZ18.115_S90","DZ18.116_S91","IZ07.35_S31","IZ07.36_S32","IZ07.39_S33","IZ07.40_S34","IZ07.41_S35","IZ08.42_S36","IZ08.43_S37","IZ08.46_S38","IZ09.49_S41","IZ09.52_S43","IZ09.55_S45","IZ10.57_S46","IZ10.58_S47","IZ10.59_S48","IZ10.60_S49","IZ10.62_S50","IZ11.63_S51","IZ11.65_S53","IZ11.66_S54","IZ11.67_S55","IZ12.70_S56","IZ12.71_S57","IZ12.72_S58","IZ12.76_S61","WT01.01_S1","WT01.02_S2","WT01.03_S3","WT01.04_S4","WT01.05_S5","WT02.06_S6","WT02.07_S7","WT02.08_S8","WT02.09_S9","WT02.10_S10","WT03.11_S11","WT03.12_S12","WT03.13_S13","WT03.14_S14","WT03.15_S15","WT04.17_S17","WT04.18_S18","WT04.19_S19","WT04.20_S20","WT05.21_S21","WT05.22_S22","WT05.23_S23","WT05.24_S24","WT05.27_S25","WT06.28_S26","WT06.29_S27","WT06.30_S28","WT06.32_S29","WT06.34_S30"
"Methanobrevibacter",0,0,0,0,0,0,0,0,0,0,0,0,0,0,0,0,0,0,0,0,0,0,0,0,0,0,0,0,0,0,0,0,0,0,0,0,0,0,0,0,0,0,13,0,0,0,0,0,0,0,0,0,0,0,0,0,0,0,0,0,8,13,0,0,0,0,0,0,0,0,0,0,6,16,0,0,0,0,0,0,0,0
"Methanimicrococcus",0,0,0,0,0,0,0,0,0,0,0,0,0,0,0,0,0,0,0,0,0,0,0,0,0,0,0,0,0,0,0,0,0,0,0,0,0,0,0,0,0,0,0,0,0,0,0,0,0,0,0,0,0,0,0,0,0,0,0,0,0,0,0,0,0,0,0,0,0,0,0,0,0,4,0,0,0,0,0,0,0,0
"Deinobacterium",0,0,0,0,0,0,0,0,0,349,0,0,3,0,0,0,0,0,0,0,62,21,2,42,0,67,30,166,0,0,4,0,9,0,0,0,0,0,0,0,0,0,0,0,0,0,0,0,0,0,0,0,7,0,0,0,0,0,0,3,0,0,0,0,0,0,0,0,0,0,0,0,0,0,0,0,0,0,0,0,0,0
"Deinococcus",30,65,0,68,0,0,0,0,0,45,0,538,1235,973,0,0,0,0,0,0,61,27,52,12,0,262,116,642,7,0,67,137,41,0,0,65,0,0,0,159,0,0,23,67,243,0,0,0,0,81,10,0,0,0,6,0,0,47,6,0,0,0,0,0,0,0,2,0,0,39,0,5,0,0,149,0,4,0,0,0,0,0
"B-42",0,0,0,0,0,0,0,0,0,0,0,0,0,0,0,0,0,0,0,0,0,0,0,8,2,0,5,0,0,0,0,6,0,0,0,0,0,0,0,0,0,0,0,0,0,0,0,0,0,0,0,0,0,0,0,0,0,0,0,0,10,0,0,0,0,0,0,0,0,0,0,0,0,0,0,0,0,0,0,0,0,0
"Truepera",0,0,0,0,0,0,0,0,0,0,0,0,0,0,0,0,0,0,0,0,0,0,0,0,0,0,0,0,0,0,0,0,0,0,0,12,0,0,0,0,0,0,0,0,0,0,0,0,0,0,0,0,0,0,0,3,0,0,0,0,0,0,0,0,0,0,0,0,0,0,0,0,0,0,0,0,0,0,0,0,0,0
"Meiothermus",0,0,0,0,0,0,0,0,0,0,0,0,0,0,0,0,0,0,0,0,0,0,0,0,0,0,0,0,0,0,0,0,0,0,0,0,0,0,0,0,0,0,0,0,0,0,0,0,0,0,0,0,16,0,0,0,0,0,0,0,0,0,0,0,0,0,0,0,0,0,0,0,0,0,0,0,0,0,0,0,0,0
"Holophaga",0,0,0,0,0,0,0,0,0,0,0,0,0,0,0,0,0,0,0,0,0,0,0,0,0,0,0,0,0,0,0,0,0,0,0,0,0,0,9,0,0,0,0,0,0,0,0,0,0,0,0,0,0,0,0,0,0,0,0,0,0,0,0,0,0,0,0,0,0,0,0,0,0,0,0,0,0,0,0,0,0,0
"Ilumatobacter",0,0,0,0,0,0,0,0,0,17,0,0,0,0,0,0,0,0,0,15,23,0,49,0,23,0,0,0,0,0,9,4,0,6,0,0,0,0,0,0,0,0,0,0,0,8,0,0,0,0,0,0,0,0,0,3,0,0,0,0,0,0,0,0,0,0,0,0,0,0,28,0,0,0,0,0,0,0,0,0,0,0
"Planktophila",0,0,0,19,0,0,0,0,0,0,115,0,0,0,0,0,0,0,0,0,0,0,0,0,117,2,0,25,0,0,0,0,0,0,0,0,0,0,0,0,0,0,0,0,0,0,0,0,0,0,0,0,0,0,0,0,0,0,0,0,0,0,0,0,0,0,0,0,0,0,0,0,0,0,0,0,0,0,0,0,0,0
"Actinomyces",0,0,0,0,0,0,0,0,0,0,0,0,0,0,0,0,0,0,0,0,0,28,0,0,0,0,0,0,0,0,0,0,0,0,0,0,0,0,0,0,0,0,0,0,0,0,0,0,0,0,0,0,0,0,3,0,0,0,0,0,0,0,0,0,0,0,0,0,0,0,0,0,0,0,0,0,0,0,0,0,0,0
"Bogoriella",0,0,0,0,0,0,0,0,0,51,0,0,0,0,0,0,0,0,0,0,0,0,0,0,0,0,0,0,0,0,0,0,0,0,0,0,0,0,0,0,0,0,0,0,0,0,0,0,0,0,0,0,0,0,0,0,0,0,0,0,0,0,0,0,0,0,0,0,0,0,0,0,0,0,0,0,0,0,0,0,0,0
"Mobiluncus",0,0,0,0,0,0,0,0,0,0,0,0,0,0,0,0,0,0,0,0,0,0,0,0,0,0,0,0,0,0,0,0,0,0,0,0,0,0,0,0,0,0,24,9,0,0,0,0,0,0,0,0,0,0,0,0,0,0,0,0,0,0,0,0,0,0,0,0,0,0,0,2,0,0,0,0,0,0,0,8,0,0
"Trueperella",16,0,0,0,34,0,0,0,30,0,0,0,0,0,0,0,0,0,0,0,0,0,0,0,0,0,0,51,0,0,0,15,0,0,0,0,0,0,24,30,34,99,588,110,232,0,0,0,30,0,0,0,0,6,5,123,488,19,77,0,0,34,89,0,0,0,0,0,86,0,4,0,230,461,12,123,37,322,463,723,0,508
"Varibaculum",0,0,0,0,0,0,0,0,0,0,0,0,0,0,0,0,0,0,0,0,0,0,0,0,0,0,0,0,0,0,0,0,0,0,0,0,0,0,0,0,0,0,0,0,0,0,0,0,0,0,0,0,0,0,0,0,0,9,0,0,0,0,0,0,0,0,0,0,0,0,0,0,0,0,0,0,0,0,0,0,0,0
"Beutenbergia",0,0,0,0,0,0,0,0,0,108,0,0,0,0,0,0,0,0,0,28,0,0,53,18,0,0,0,0,0,0,0,0,0,0,0,0,0,0,0,0,7,0,52,8,0,0,0,0,0,0,0,0,0,0,0,7,0,0,10,0,0,0,0,0,0,0,0,0,23,8,0,0,0,0,0,0,0,0,0,0,0,0
"Serinibacter",8,0,0,19,0,0,0,0,0,0,0,0,0,0,0,0,0,0,0,0,0,0,0,0,0,0,0,0,0,0,0,0,0,0,0,0,0,0,0,0,0,101,238,65,97,0,0,0,0,0,0,0,0,0,10,7,119,0,81,0,0,36,0,0,0,0,0,0,86,0,0,5,11,54,0,0,0,0,19,6,0,0
"Brevibacterium",11,0,0,0,0,0,0,0,0,109,22,0,0,63,0,0,31,0,0,40,56,53,18,20,0,0,0,0,0,0,0,0,0,0,27,0,0,0,0,3,0,109,14,0,20,0,0,0,0,0,0,0,8,0,0,9,0,0,87,0,18,22,7,16,3,0,4,0,118,0,0,0,51,95,0,13,0,7,0,0,6,54
"Corynebacterium",1857,379,304,405,298,10,934,142,105,2973,143,0,270,56,0,32,178,446,333,93,585,919,1433,1689,15,161,225,194,27,50,856,978,113,102,107,340,24,0,198,233,47,1243,8507,3143,2369,19,15,120,507,12,0,69,7,93,1613,1771,3353,594,971,50,848,1440,385,287,52,33,138,125,5560,972,447,95,481,1867,20,253,42,2012,2156,2586,356,1286
"Devriesea",30,0,15,15,0,0,20,0,0,0,0,0,0,0,0,0,0,0,0,0,0,0,0,0,0,31,31,0,0,0,20,9,0,0,0,0,0,0,0,0,29,0,145,0,18,0,0,0,0,0,0,0,0,0,0,31,0,0,0,0,0,0,0,0,0,0,0,0,0,0,0,0,0,0,0,0,0,0,0,0,0,0
"Helcobacillus",235,149,25,327,45,0,273,0,0,471,86,82,129,63,0,55,0,0,0,199,329,72,283,267,807,1551,485,142,2122,0,390,460,163,114,62,46,0,0,0,4103,0,226,766,158,319,20,0,0,65,113,0,0,136,13,93,62,289,16,1990,44,33,475,8,22,9,11,24,14,2651,247,51,21,89,309,16,43,374,54,67,98,10,40
"Kineosphaera",0,0,0,0,0,0,0,0,0,0,0,0,0,0,0,0,0,0,0,0,0,0,0,0,0,0,0,0,0,0,0,0,0,0,0,0,0,0,0,0,0,0,0,0,26,0,0,0,0,0,0,0,0,0,0,0,0,0,0,0,0,0,0,0,0,0,0,0,0,0,0,0,0,0,0,0,0,0,0,0,0,0
"Dietzia",16,144,0,0,0,0,60,0,0,219,7,0,0,0,0,0,0,0,0,18,58,0,143,73,6,23,38,29,9,0,0,39,0,0,14,118,0,0,0,0,0,48,59,0,23,0,0,0,0,158,0,0,0,0,0,33,49,0,58,0,0,0,0,0,0,0,0,0,624,83,42,0,0,0,0,14,0,24,13,268,0,22
"Blastococcus",0,7,0,0,0,0,0,0,0,176,0,0,0,0,0,0,0,0,0,0,0,0,4,20,0,0,0,0,0,0,0,0,0,0,0,0,0,0,0,0,0,0,18,10,20,0,0,0,0,0,0,0,0,0,0,4,0,0,0,0,0,0,0,0,0,0,0,0,0,4,0,0,0,0,0,0,0,0,0,0,0,0
"Millisia",1164,231,29,223,18,0,358,26,0,110,13,0,15,0,0,0,0,0,0,0,9,0,0,0,0,110,88,31,0,13,30,47,0,0,56,53,12,0,0,0,0,240,4477,1639,238,0,0,0,15,0,0,0,0,30,401,271,1120,79,196,0,29,30,74,0,34,0,0,0,661,103,106,0,361,1864,172,179,34,1931,1160,1198,99,864
"Arsenicicoccus",0,0,0,0,0,0,0,0,0,0,0,34,162,0,0,0,0,0,0,0,0,0,0,0,0,0,0,0,0,0,0,0,0,0,0,0,0,0,0,36,0,0,0,0,0,0,0,0,0,0,0,0,0,0,0,0,0,0,0,0,0,0,0,0,0,0,0,0,0,0,0,0,0,0,0,0,0,0,0,0,0,0
"Kribbia",0,0,0,10,91,0,0,0,0,0,0,0,0,0,0,0,0,0,0,0,0,0,0,0,0,0,0,0,0,0,0,17,7,0,0,0,0,0,0,0,0,27,303,195,145,0,0,11,0,0,0,0,0,0,4,73,826,29,160,0,22,129,0,0,0,0,0,0,85,8,0,0,0,0,0,0,0,0,43,39,0,0
"Marihabitans",0,0,0,0,0,0,0,0,0,0,0,0,0,0,0,0,0,0,0,0,0,0,0,0,0,0,0,0,0,0,0,0,0,0,0,0,0,0,0,0,0,42,0,0,0,0,0,0,0,0,0,0,0,0,0,0,0,0,0,0,0,0,0,0,0,0,0,0,0,0,0,0,0,0,0,0,0,0,0,0,0,0
"Ornithinicoccus",0,0,0,0,0,0,0,0,0,151,0,0,0,0,0,8,24,0,0,0,0,0,34,0,0,0,14,31,0,0,0,0,0,0,0,0,0,0,0,0,0,7,0,0,0,0,0,0,0,0,0,0,0,0,0,0,0,0,10,0,0,4,0,0,0,0,0,0,0,0,0,0,0,0,0,0,0,0,0,0,0,0
"Ornithinimicrobium",12,175,54,0,23,0,0,0,0,1675,38,0,123,0,0,49,0,19,0,121,224,51,736,296,0,58,49,100,0,40,135,238,56,0,40,61,0,0,0,11,0,312,360,21,94,0,0,0,77,168,0,30,0,0,9,103,430,24,209,0,19,164,0,0,0,0,7,0,732,90,5,0,11,13,0,15,0,7,0,71,0,56
"Tetrasphaera",0,0,0,0,0,0,0,0,0,0,0,0,41,19,0,0,0,0,0,0,0,0,0,0,0,0,19,0,0,0,0,0,0,0,0,0,0,0,0,0,0,0,0,0,9,0,0,0,0,0,0,0,0,0,0,0,0,0,0,0,0,0,0,0,0,0,0,0,0,0,0,0,0,0,0,0,0,0,0,0,0,0
"Jonesia",0,0,0,0,0,0,0,0,0,0,0,0,0,0,0,0,0,0,0,0,0,0,0,0,0,0,0,0,0,0,0,0,0,0,3,0,0,0,0,0,0,0,0,0,0,0,0,0,0,0,0,0,0,0,0,0,0,0,0,0,0,0,0,0,0,0,0,0,0,0,0,0,0,0,0,0,0,0,0,0,0,0
"Kineosporia",0,0,0,0,0,0,0,0,0,8,0,0,0,0,0,0,0,0,0,0,16,0,0,33,0,0,0,0,0,0,0,0,0,0,0,0,0,0,7,0,0,0,0,51,0,0,0,0,0,0,0,0,0,0,0,0,0,0,0,0,0,0,0,0,0,0,0,0,0,0,0,0,0,0,0,0,0,0,0,0,0,0
"Quadrisphaera",0,0,0,0,0,0,0,0,0,0,0,0,0,0,0,0,0,0,0,0,0,0,0,0,0,0,0,0,0,0,0,0,0,0,0,0,0,0,17,0,0,0,0,0,0,0,0,0,0,0,0,5,0,0,0,0,0,0,0,0,0,0,0,0,0,0,0,0,0,0,0,0,0,0,0,0,0,0,0,0,0,0
"Herbiconiux",0,0,0,0,0,0,0,0,0,0,0,0,0,0,0,0,0,0,0,0,0,0,4,0,0,0,72,174,0,0,0,0,0,0,0,0,0,0,0,0,0,0,0,0,0,0,0,0,0,0,0,0,0,0,0,0,0,0,0,0,0,0,0,0,0,0,0,0,0,0,0,0,0,0,0,0,0,0,0,0,0,0
"Leifsonia",0,0,0,0,0,0,0,0,0,0,0,0,0,0,0,0,0,14,0,111,12,66,0,43,0,0,0,0,0,0,0,0,0,0,0,0,0,0,0,0,0,0,0,0,7,0,0,0,0,0,0,0,0,0,0,0,0,0,0,0,0,0,0,28,0,0,0,8,36,0,0,0,0,0,0,0,0,0,0,0,0,0
"Limnoluna",0,0,0,0,0,0,0,0,0,0,0,0,0,0,0,0,0,0,0,0,0,0,0,0,6,0,0,0,0,0,0,0,0,0,0,0,0,0,0,0,0,0,0,0,0,0,0,0,0,0,0,0,0,0,0,0,0,0,0,0,0,0,0,0,0,0,0,0,0,0,0,0,0,0,0,0,0,0,0,0,0,0
"Pseudoclavibacter",0,0,0,0,0,0,0,0,0,0,0,0,0,0,0,0,0,0,0,0,0,0,0,0,0,0,0,0,0,0,0,0,0,0,0,0,0,0,0,0,0,0,0,0,0,0,0,0,0,0,0,0,0,0,0,0,11,0,0,0,0,44,0,5,0,0,0,0,0,0,0,0,0,0,0,0,0,0,0,0,0,0
"Arthrobacter",67,0,29,75,0,0,0,0,24,4335,5556,138,53,66,2425,1121,1011,538,932,4248,1772,3930,5059,3457,559,4984,2062,4860,3373,0,110,276,113,0,0,0,45,0,26,183,0,268,305,0,375,0,8,0,49,122,0,20,11,17,0,24,40,0,205,0,0,120,38,0,0,0,0,12,519,52,0,0,17,39,9,19,633,143,30,46,36,125
"Kocuria",0,0,0,15,144,0,43,0,511,425,21307,16,55,0,65,0,3599,5649,1560,2930,223,327,8063,222,1417,420,240,25,545,0,9,0,0,39,0,26,0,0,0,57,0,39,14,134,12,0,0,0,0,0,0,0,341,0,13,0,0,10,0,0,0,0,0,340,2084,1127,740,305,0,0,0,204,0,0,0,0,0,31,0,0,0,0
"Micrococcus",733,873,180,434,143,11,121,32,16,170,46,0,0,18,0,88,40,0,10,26,21,0,193,22,87,384,841,3711,19,156,1035,667,170,0,407,91,0,0,0,32,42,273,1571,614,1136,11,0,34,260,110,0,113,30,22,873,905,2279,248,1649,23,78,413,59,0,0,0,0,0,5076,375,29,0,92,319,8,39,16,329,379,534,134,309
"Rothia",0,14,0,30,37,0,5,0,0,297,245,15,117,40,0,367,9,0,72,0,134,39,84,145,578,466,2216,1992,26,0,8025,10156,2872,1042,22,39,0,6,39,1862,0,0,160,1382,801,0,0,0,0,33,0,0,0,0,0,0,0,0,31,0,78,140,22,13,5,0,0,0,6,0,0,0,26,28,9,23,126,0,0,0,22,0
"Humicoccus",0,0,0,0,0,0,0,0,0,0,0,0,0,0,0,0,0,0,0,0,0,0,0,0,0,0,0,0,0,0,0,0,0,3,0,0,0,0,0,0,0,0,0,0,0,0,0,0,0,0,0,0,0,0,0,0,0,0,0,0,0,0,0,6,0,0,0,0,0,0,0,0,0,0,0,0,0,0,0,0,0,0
"Marmoricola",0,0,0,8,0,0,0,0,0,0,0,0,0,0,0,0,0,0,0,5,0,0,108,0,0,0,0,0,0,0,0,0,0,0,0,0,0,0,0,0,0,0,0,0,0,0,0,0,0,0,0,0,0,0,0,0,0,0,0,0,0,0,0,0,0,0,0,0,0,0,35,0,0,0,0,0,0,0,0,0,0,0
"Nocardioides",24,10,9,0,0,0,7,0,0,226,0,0,3,0,0,42,0,52,0,38,202,39,349,184,0,5,19,45,0,12,22,83,4,0,0,14,5,0,0,0,0,0,72,5,34,0,0,0,0,0,0,0,0,0,0,17,65,0,35,0,15,27,0,0,0,0,0,0,47,14,5,0,9,0,0,7,0,7,16,0,0,12
"Luteimicrobium",0,0,0,0,0,0,0,0,0,0,0,0,0,0,0,0,0,0,0,0,8,19,0,27,0,0,0,0,0,0,0,0,0,0,0,0,0,0,0,0,0,0,0,0,0,0,0,0,0,0,0,0,0,0,0,0,0,0,140,0,0,0,0,0,0,0,0,0,12,0,0,0,0,0,0,0,0,0,0,0,0,0
"Brooklawnia",0,0,0,0,0,0,0,0,0,0,0,0,0,0,0,0,0,0,0,0,0,0,0,0,0,0,0,0,0,0,0,0,0,0,0,0,0,0,0,0,0,29,53,12,25,0,0,0,0,0,0,0,0,0,0,0,19,0,6,0,0,29,0,0,0,0,0,0,0,10,0,0,0,0,0,0,0,0,0,0,0,0
"Actinomycetospora",0,0,0,0,0,0,0,0,0,0,0,0,0,19,0,0,0,21,0,0,0,0,9,0,0,0,0,0,0,0,0,11,0,0,0,0,0,0,0,0,0,0,0,0,0,0,0,0,0,0,0,0,0,0,0,0,0,0,0,0,0,0,0,0,0,0,0,0,0,0,0,0,0,0,0,0,0,0,0,0,0,0
"Actinophytocola",0,0,0,0,0,0,0,0,0,0,0,0,0,0,0,0,0,0,0,0,0,0,34,0,0,0,0,0,0,0,0,0,0,0,0,0,0,0,0,0,0,0,0,0,0,0,0,0,0,0,0,0,0,0,0,0,0,0,0,0,0,0,0,0,0,0,0,0,0,0,0,0,0,0,0,0,0,0,0,0,0,0
"Sanguibacter",0,0,0,0,0,0,0,0,0,0,0,0,0,0,0,0,0,0,0,46,0,0,0,0,0,0,0,0,0,0,0,0,0,0,0,0,0,0,0,0,0,0,0,0,0,0,0,0,0,0,0,0,0,0,0,0,0,0,77,0,0,0,0,0,0,0,0,0,0,0,0,0,0,0,0,0,0,0,0,0,0,0
"Streptomyces",0,10,0,0,0,0,0,0,0,5,0,0,0,0,0,0,0,0,0,0,0,0,20,11,0,0,0,0,0,0,0,0,0,0,0,0,0,0,0,0,0,0,0,0,0,0,0,0,0,0,0,0,0,0,0,0,0,0,7,0,0,0,0,0,0,0,0,0,0,0,0,0,0,0,0,0,0,0,0,0,0,0
"Actinomadura",32,0,0,0,0,0,0,0,0,0,0,0,0,0,0,0,0,0,0,0,0,0,0,0,0,0,0,0,0,0,0,0,0,0,0,0,0,0,0,0,0,0,0,0,0,0,0,0,0,0,0,0,0,0,0,0,0,0,0,0,0,0,0,0,0,0,0,0,0,0,0,0,0,0,0,0,0,0,0,0,0,0
"Aeriscardovia",18,0,0,0,13,0,0,0,0,0,0,0,0,0,0,0,0,0,0,0,0,0,0,0,0,14,0,0,0,0,0,0,0,0,0,0,0,0,0,0,0,0,36,181,14,0,0,0,12,0,0,10,0,0,0,0,0,0,30,0,0,18,0,0,0,0,0,0,6,0,0,0,31,84,15,32,0,0,0,34,0,9
"Alloscardovia",0,0,0,0,0,0,0,0,0,0,0,0,0,0,0,0,0,0,0,0,0,0,0,0,0,0,0,0,0,0,0,0,0,0,0,0,0,0,0,0,0,0,0,0,0,0,0,0,0,0,0,0,0,0,0,0,0,0,0,0,0,0,0,0,0,0,0,0,0,0,0,0,0,0,0,0,91,0,0,0,0,0
"Bifidobacterium",1261,532,820,11,118,0,79,0,3,0,660,403,124,377,53,440,18,0,93,287,0,40,1078,530,115,606,0,0,20,0,45,0,13,23,147,831,240,171,0,0,0,79,32,66,354,601,0,0,0,0,0,0,219,221,2539,27,781,4253,146,282,0,19,380,11,7,7,13,17,0,89,166,98,1001,2322,21,566,18,442,606,1117,0,296
"Collinsella",0,0,0,0,0,0,0,0,0,0,0,0,0,0,84,0,0,0,0,0,0,0,0,0,0,0,0,0,0,0,0,0,0,0,0,0,0,0,0,0,0,0,0,0,0,0,0,0,0,0,0,0,0,340,977,0,0,2374,0,215,397,0,0,0,0,0,0,0,0,0,0,0,0,0,0,0,0,0,0,89,0,0
"Coriobacterium",7,0,0,0,0,0,0,0,0,0,0,0,0,0,0,0,0,0,0,0,0,0,0,0,0,0,0,0,0,0,0,0,0,0,0,0,0,0,0,0,0,0,0,0,0,0,0,0,0,0,0,0,0,0,0,0,18,0,0,0,0,0,0,0,0,0,0,0,0,0,0,0,0,0,0,0,0,0,0,0,0,0
"Eggerthella",0,0,0,0,0,0,0,0,0,0,0,0,0,0,0,0,0,0,0,0,50,8,0,0,3,36,14,0,0,15,0,0,0,0,0,0,0,0,0,0,0,0,32,27,16,0,0,0,0,72,0,29,0,0,0,0,0,53,0,25,70,0,0,0,0,0,0,0,17,12,0,0,0,0,0,0,0,0,0,0,40,0
"Enterococcus",27,0,0,0,27,0,0,0,0,6,0,0,0,0,0,0,0,0,0,0,0,0,0,0,0,0,0,0,0,28,17,0,0,0,0,0,0,0,0,0,0,0,52,10,16,0,0,0,3,23,0,0,0,0,0,0,0,0,15,0,0,0,0,0,0,0,0,0,4,0,6,0,0,19,0,0,0,0,0,0,9,0
"Olsenella",117,8,0,44,210,0,4,0,0,129,0,0,0,0,0,0,0,0,0,0,13,0,0,8,0,9,0,6,0,0,10,0,0,0,17,0,0,0,0,0,0,34,34,12,0,0,0,0,0,3,0,14,0,0,0,0,22,9,5,0,10,9,0,0,0,0,0,0,18,0,0,0,0,9,0,15,0,0,30,0,0,0
"Paraeggerthella",0,0,0,0,0,0,0,0,0,0,0,0,0,0,0,0,0,0,0,0,0,0,0,0,0,0,0,0,0,0,0,0,0,0,0,0,0,0,0,0,0,0,0,0,0,0,0,0,0,0,0,0,0,0,0,0,0,0,0,0,0,0,0,0,0,0,0,0,0,0,15,0,0,0,0,0,0,0,0,0,0,0
"Euzebya",0,0,0,0,0,0,0,0,0,0,0,0,0,0,0,0,0,0,0,0,8,0,0,0,0,0,0,0,0,0,0,0,0,0,0,0,0,0,0,0,0,0,0,0,0,0,0,0,0,0,0,0,0,0,0,0,0,0,0,0,0,0,0,0,0,0,0,0,0,0,0,0,0,0,0,0,0,0,0,0,0,0
"Nitriliruptor",0,0,16,0,0,0,0,0,0,311,0,0,0,0,0,0,0,0,0,0,0,0,10,18,0,0,0,0,0,0,0,0,0,0,0,0,0,0,0,0,0,0,0,0,0,0,0,0,0,0,0,0,0,0,0,0,0,0,0,0,0,0,0,0,0,0,0,0,0,0,0,0,0,0,0,0,0,0,0,0,0,0
"Gaiella",0,0,0,23,0,0,0,0,0,39,0,0,0,0,0,0,0,0,0,9,2,0,0,0,0,0,0,17,0,0,0,0,0,0,0,0,0,0,0,0,9,0,4,0,2,0,0,0,0,0,0,0,0,0,0,0,0,0,0,0,0,0,0,0,0,0,0,0,0,0,0,0,0,0,14,0,0,0,0,0,0,0
"Solirubrobacter",4,0,0,0,0,0,0,0,0,7,0,0,0,0,0,0,0,0,0,0,0,0,67,10,0,0,0,0,0,0,0,0,0,0,0,0,0,0,0,0,0,0,0,0,0,0,0,0,0,0,0,0,0,0,0,0,0,0,4,0,0,0,0,0,0,0,0,0,0,0,0,0,0,0,0,0,0,0,0,0,0,0
"Fimbriimonas",0,0,0,0,0,0,0,0,0,0,0,0,15,0,0,0,0,0,0,0,0,0,0,0,0,0,0,0,0,0,0,0,0,0,0,0,0,0,0,0,0,0,0,0,0,0,0,0,0,0,0,0,0,0,0,0,0,0,0,0,0,0,0,0,0,0,0,0,0,0,5,0,0,0,0,0,0,0,0,0,0,0
"Rubricoccus",0,0,0,0,0,0,0,0,0,5,0,0,0,0,0,30,0,0,0,0,0,7,9,74,9,0,0,0,0,0,0,5,7,0,0,0,0,0,0,0,0,0,0,0,0,0,0,0,0,0,0,0,0,0,0,0,0,0,0,0,0,0,0,0,0,0,0,0,0,0,0,0,0,0,0,0,0,0,0,0,0,0
"Filimonas",0,0,0,0,0,0,0,0,0,0,0,0,0,0,0,0,0,0,0,0,0,0,0,0,0,0,0,0,0,0,0,0,0,0,0,0,0,0,0,0,0,0,0,0,0,0,0,0,0,0,0,0,0,0,0,0,0,0,6,0,7,0,0,0,19,4,0,0,0,0,0,0,0,0,0,0,0,0,0,0,0,16
"Lacibacter",0,0,0,0,0,0,0,0,0,0,0,0,0,0,0,0,0,30,0,0,0,0,0,0,0,0,0,0,0,0,0,0,0,0,0,0,0,0,0,0,0,0,0,0,0,0,0,0,0,0,0,0,0,0,0,0,0,0,0,0,0,0,0,0,0,0,0,0,0,0,0,0,0,0,0,0,0,0,0,0,0,0
"Parasegitibacter",0,0,3,0,0,0,0,0,0,0,17,0,0,0,0,0,0,0,0,0,0,0,0,0,0,0,0,0,0,0,0,0,0,0,0,0,0,0,0,0,0,0,0,0,0,0,0,0,0,0,0,0,0,0,0,0,0,0,0,0,0,0,0,0,20,0,0,0,0,0,0,0,0,0,0,0,0,0,12,0,0,0
"Terrimonas",0,0,0,0,0,0,0,0,0,26,0,0,0,0,0,0,0,0,0,2,0,0,32,0,6,0,0,0,0,0,0,0,8,0,0,0,0,0,0,0,0,0,0,0,0,0,0,0,0,0,0,0,0,0,0,0,0,51,0,0,0,0,0,0,90,26,14,18,0,0,0,0,0,0,0,0,0,0,0,0,0,0
"Trachelomonas",0,0,0,0,0,0,0,0,0,17,0,0,0,0,0,0,0,0,0,32,49,0,10,0,0,0,0,0,0,0,0,0,0,0,0,0,0,0,10,0,0,0,4,9,0,0,0,0,0,0,0,0,0,0,0,0,0,0,0,0,0,0,0,0,73,20,6,22,0,0,11,0,0,0,0,0,0,0,0,0,0,0
"Barnesiella",228,0,0,0,16,0,3,0,0,37,0,0,0,0,0,0,0,0,0,0,0,0,0,0,0,0,0,0,0,6,0,0,0,0,0,0,0,0,0,0,0,0,0,0,0,0,0,0,0,0,0,0,8,0,0,0,14,32,16,9,69,55,33,0,0,0,0,0,22,5,0,0,56,43,0,52,4,61,0,22,40,50
"Butyricimonas",0,0,0,0,0,0,0,0,0,0,0,0,0,0,0,0,0,0,0,0,0,0,0,0,0,0,0,0,0,0,0,0,0,0,0,0,0,0,0,0,0,0,0,0,0,0,0,0,0,0,0,0,0,9,115,0,0,19,0,71,0,0,0,0,0,0,0,0,0,0,0,0,0,0,0,0,0,0,0,0,0,0
"Odoribacter",0,0,0,0,0,0,0,0,0,0,0,0,0,0,0,0,0,0,0,0,0,0,0,0,0,0,0,0,0,0,0,0,0,0,0,0,0,0,0,0,0,0,0,0,0,0,0,0,0,0,0,0,0,0,0,0,0,52,0,0,0,0,0,0,0,0,0,0,0,0,0,0,0,0,0,0,0,0,0,0,0,0
"[Prevotella]",0,0,0,0,0,0,0,0,0,57,0,0,0,0,0,0,0,0,0,0,0,0,0,0,8,12,13,0,0,0,0,0,0,0,0,0,18,0,0,0,0,0,39,0,20,0,0,0,0,13,0,0,0,76,0,0,0,380,0,507,226,0,0,0,0,0,0,2,13,49,0,0,0,0,0,15,0,0,0,0,0,10
"CF231",200,22,0,0,6,0,0,0,0,174,0,0,0,0,0,0,0,0,0,0,0,0,68,76,0,0,0,0,0,228,44,12,6,0,0,0,0,0,0,0,0,0,65,0,0,0,0,0,0,42,0,12,0,0,0,0,203,0,59,124,255,156,116,0,0,2,0,0,277,0,0,4,89,95,0,95,2,138,15,0,186,74
"Paraprevotella",0,0,0,0,0,0,0,0,0,14,0,0,0,0,0,0,0,0,0,0,0,0,0,0,0,0,0,0,0,0,5,0,0,0,0,0,0,0,0,0,0,0,0,0,0,0,0,0,0,0,0,0,0,0,0,0,0,0,0,0,0,0,0,0,0,0,0,0,0,0,0,0,0,0,0,0,0,0,0,0,0,0
"YRC22",82,0,0,0,0,0,0,0,0,0,0,0,0,0,0,0,0,0,0,0,0,0,0,0,0,0,0,9,0,42,0,0,0,0,0,0,0,0,0,0,0,0,20,0,0,0,0,0,0,0,0,16,0,0,0,0,0,0,0,0,5,42,0,0,0,0,0,0,22,30,0,0,12,0,0,25,0,54,0,8,16,0
"5-7N15",0,0,0,0,0,0,0,0,0,0,0,0,0,0,0,0,0,0,0,0,0,0,0,0,5,0,0,0,0,15,0,0,0,0,0,0,0,0,0,0,0,0,12,0,0,0,0,0,14,0,0,0,0,0,0,0,0,0,0,0,0,0,0,0,0,0,0,0,0,0,0,0,0,0,0,0,0,12,0,0,0,0
"Bacteria_Bacteroidetes_Bacteroidia_Bacteroidales_Bacteroidaceae_Bacteroides",40,500,301,63,20,0,0,0,172,126,0,651,445,447,0,160,80,0,0,70,8,770,211,250,136,41,99,51,0,22,291,27,2,100,295,329,250,0,329,82,0,0,162,144,169,299,150,0,0,0,0,280,235,1111,1380,7,498,7204,193,957,247,80,30,3,32,16,11,0,28,227,0,0,3,0,196,0,237,310,42,372,0,198
"Bacteria_Bacteroidetes_Bacteroidia_Bacteroidales_Marinilabiaceae_Cytophaga",0,0,0,0,0,0,0,0,0,0,0,0,0,0,0,0,0,0,0,0,0,0,0,0,0,0,16,5,0,0,0,0,0,0,0,0,0,0,0,0,0,0,0,0,0,0,0,0,0,0,0,0,0,0,0,0,0,0,0,0,0,0,0,0,0,0,0,0,0,0,0,0,0,0,0,0,0,0,0,0,0,0
"Marinilabilia",0,0,0,0,0,0,0,0,0,0,0,0,0,0,0,0,0,0,0,0,0,0,0,0,0,0,0,0,0,0,0,0,0,0,0,0,0,0,0,0,0,0,0,0,0,0,0,0,0,0,0,0,0,0,0,0,0,0,0,0,0,0,0,0,0,0,0,0,0,0,0,0,0,0,0,0,0,3,0,0,0,0
"Dysgonomonas",0,0,0,0,0,0,0,0,0,0,0,0,0,0,0,0,0,0,0,0,0,511,140,21,0,0,0,0,0,0,0,0,0,0,0,0,0,0,0,0,0,0,0,0,0,0,0,0,0,0,0,0,29,0,0,0,0,0,0,0,0,0,0,0,0,0,0,0,0,0,0,0,0,0,0,0,0,0,0,0,0,0
"Macellibacteroides",48,7,0,3,9,0,0,0,0,3,0,0,0,0,0,0,0,0,0,0,0,7,0,0,0,0,0,0,0,14,6,0,0,0,0,0,0,0,0,0,0,0,18,0,0,0,0,0,0,0,0,0,0,18,217,0,0,231,35,27,76,95,0,6,0,0,0,0,5,0,0,0,0,7,0,6,0,0,0,0,0,0
"Parabacteroides",0,0,0,0,0,0,0,0,0,0,0,0,0,0,0,0,0,0,0,0,0,0,0,0,0,0,0,0,0,0,0,0,0,0,0,0,0,0,0,0,0,0,0,0,0,0,0,0,0,0,0,0,0,0,0,0,0,0,0,89,0,0,0,0,0,0,0,0,0,0,0,0,0,0,0,0,0,0,0,0,0,0
"Petrimonas",35,0,0,0,44,0,0,0,0,9,0,0,0,0,0,0,0,0,0,0,0,0,0,0,0,0,0,0,0,0,4,0,0,0,8,11,0,0,8,0,0,0,47,24,0,0,0,0,0,0,0,0,0,0,0,18,103,16,104,0,110,330,0,0,0,0,0,0,23,0,8,0,7,6,0,4,0,76,0,29,4,8
"Proteiniphilum",0,0,0,0,0,0,0,0,0,0,0,0,0,0,0,0,0,0,0,0,0,30,0,0,0,0,0,0,0,0,0,0,0,0,0,0,0,0,0,0,0,0,0,0,0,0,0,0,0,0,0,0,0,0,0,0,0,0,0,0,0,0,0,0,0,0,0,0,0,0,0,0,0,0,0,0,0,0,0,0,0,0
"Vestibaculum",0,0,0,0,0,0,0,0,0,0,0,0,0,0,0,0,0,0,0,0,0,0,0,0,0,0,0,0,0,0,0,0,0,0,0,0,0,0,0,0,0,0,0,0,0,0,0,0,0,0,0,0,0,0,0,0,0,0,0,0,0,0,0,0,0,0,0,0,26,0,0,0,0,0,0,0,0,0,0,0,0,0
"Prevotella",456,88,155,8,9,0,0,0,0,64,0,0,11,0,0,0,0,0,0,0,117,0,274,0,10,0,0,4,0,26,0,12,0,0,0,0,0,0,0,24,0,0,79,8,111,0,0,0,0,0,0,0,0,349,19,0,41,2404,45,330,1143,158,41,0,0,0,0,0,23,0,7,0,87,94,4,79,8,57,159,53,81,35
"Alistipes",419,10,0,95,0,0,0,0,0,635,0,0,0,0,0,0,0,0,0,0,26,10,74,67,58,67,139,139,0,266,4,0,0,0,0,0,0,0,29,0,0,0,669,0,15,0,0,0,10,56,0,168,0,86,0,8,35,286,9,37,12,109,140,0,0,0,0,0,233,4,0,8,55,40,0,76,3,98,6,0,116,128
"Algoriphagus",0,0,0,0,0,0,0,0,0,0,0,0,0,0,0,0,0,0,0,0,0,0,11,0,0,0,4,0,0,0,0,0,0,0,0,0,0,0,0,0,0,0,0,0,0,0,0,0,0,0,0,0,0,0,0,0,0,0,0,0,0,0,0,0,0,0,0,0,0,0,0,0,0,0,0,0,0,0,0,0,0,0
"Bacteria_Bacteroidetes_Cytophagia_Cytophagales_Cytophagaceae_Cytophaga",0,0,0,0,0,0,0,0,0,0,0,0,0,0,0,0,0,0,0,0,0,0,0,0,0,0,0,0,0,0,0,0,0,0,0,0,0,0,0,18,0,0,0,0,0,0,0,0,0,0,0,0,0,0,0,0,0,0,0,0,0,0,0,0,0,0,0,0,0,0,0,0,0,0,0,0,0,0,0,0,0,0
"Dyadobacter",0,0,0,0,0,0,0,0,0,0,0,0,0,0,0,0,0,0,0,0,0,17,0,0,0,0,0,0,0,0,0,0,0,0,0,0,0,0,0,0,0,0,0,0,0,0,0,0,0,0,0,0,0,0,0,0,0,0,0,0,0,0,0,0,0,0,0,0,0,0,0,0,0,0,0,0,0,0,0,0,0,0
"Rhodocytophaga",0,0,0,0,0,0,0,0,0,0,0,0,0,0,0,0,0,0,0,0,0,0,0,0,0,0,0,0,0,0,0,0,0,0,0,0,0,0,0,0,0,0,0,0,0,0,0,0,0,0,0,0,0,0,0,0,0,0,0,0,0,0,0,0,0,0,0,0,0,0,144,0,0,0,0,0,0,0,0,0,0,0
"Rudanella",0,0,0,0,0,0,0,0,0,0,0,0,0,0,0,0,0,0,0,0,0,11,0,0,0,0,0,0,0,0,0,0,0,0,0,0,0,0,0,0,0,0,0,0,0,0,0,0,0,0,0,0,0,0,0,0,0,0,0,0,0,0,0,0,0,0,0,0,0,0,22,0,0,0,0,0,0,0,0,0,0,0
"Siphonobacter",0,0,0,0,0,0,0,0,0,0,0,0,0,13,0,0,0,0,0,0,0,6,0,0,0,0,10,0,0,0,0,0,0,0,0,0,0,0,0,0,0,0,10,11,0,0,0,0,0,0,0,0,0,0,0,0,0,0,0,0,0,0,0,0,0,0,0,0,0,0,0,0,0,0,0,0,0,0,0,0,0,0
"Spirosoma",0,0,0,0,0,0,0,0,0,0,0,0,26,0,0,0,0,0,0,0,0,0,0,0,0,0,0,0,0,0,0,0,0,0,0,0,0,0,0,0,0,0,0,0,0,0,0,0,0,0,0,0,0,0,0,0,0,0,0,0,0,0,0,0,0,0,0,0,0,0,0,0,0,0,0,0,0,0,0,0,0,0
"Marinoscillum",0,0,0,0,0,0,0,0,0,0,0,0,0,0,0,0,0,0,0,0,0,0,0,0,0,0,0,0,0,0,7,0,0,0,0,0,0,0,0,0,0,0,0,0,0,0,0,0,0,10,0,0,0,0,0,0,0,0,0,0,0,0,0,0,0,0,0,0,0,0,0,0,0,0,7,0,0,0,0,0,0,0
"Porifericola",0,0,0,0,0,0,0,0,0,0,0,0,0,0,0,0,0,0,0,0,0,0,0,0,0,0,0,0,0,0,0,8,0,0,0,0,0,0,0,0,0,0,0,0,0,0,0,0,0,0,0,0,0,0,0,0,0,0,0,0,0,0,0,0,0,0,0,0,0,0,0,0,0,0,0,0,0,0,0,0,0,0
"Bergeyella",0,0,0,0,0,0,0,0,0,86,0,0,0,0,0,13,0,0,0,0,0,119,0,17,772,15,683,55,0,0,0,0,4,0,6,0,0,0,0,0,0,11,5,0,11,0,0,0,0,0,0,0,0,0,0,0,0,0,19,0,9,62,0,0,0,0,0,0,2,0,0,47,0,0,0,0,0,0,0,0,0,0
"Elizabethkingia",16,12,0,538,0,0,4,0,7643,34,0,2105,3139,14249,0,32,100,0,0,65,41,18,23,38,2332,1608,1144,107,7448,16,242,665,379,6265,17,198,6,0,6,5875,0,7,275,28,1794,0,0,61,26,0,0,46,18147,272,2,46,86,1939,101,17,98,163,60,23324,6506,2972,3258,6775,0,9,0,13075,102,45,0,106,31772,0,46,0,15,6
"Ornithobacterium",0,0,0,0,0,0,0,0,0,0,0,0,0,0,0,0,0,0,0,0,0,0,0,0,0,0,15,0,0,0,0,0,0,0,0,70,0,0,0,0,0,32,12,0,0,0,0,0,0,0,0,0,0,0,0,0,0,0,0,0,0,0,0,0,0,0,0,0,0,0,0,0,0,0,0,0,0,0,0,0,0,0
"Wautersiella",0,0,0,0,0,0,0,0,636,0,108,0,0,0,0,0,0,0,0,0,0,0,0,0,0,0,0,0,0,0,5,0,0,13,0,0,0,0,0,4,0,0,0,0,49,0,0,0,0,0,0,0,0,0,0,0,0,0,170,0,216,446,0,0,0,0,0,0,0,0,0,0,4,4,0,0,0,0,0,62,0,0
"Weeksella",0,0,0,0,0,0,0,0,0,0,0,0,0,0,0,0,0,0,0,0,0,0,0,0,0,0,0,0,0,0,0,0,0,0,0,0,0,0,0,0,0,0,0,0,0,0,0,0,0,0,0,0,0,0,0,0,0,0,0,0,0,0,0,0,0,0,0,0,46,22,16,0,0,0,0,0,0,0,0,0,0,0
"Coccinistipes",0,0,0,0,0,0,0,0,0,0,0,0,0,0,0,0,0,0,0,0,0,0,0,0,6,0,0,0,0,0,0,0,0,0,0,0,0,0,0,0,0,0,0,0,0,0,0,0,0,0,0,0,0,0,0,0,0,0,0,0,0,0,0,0,0,0,0,0,0,0,0,0,0,0,0,0,0,0,0,0,0,0
"Lishizhenia",0,0,0,0,0,0,0,0,0,9,0,0,0,0,0,0,0,0,0,0,0,14,0,6,6,0,0,0,0,0,0,0,0,0,0,0,0,0,0,0,0,0,0,0,0,0,0,0,0,0,0,0,0,0,0,0,0,0,0,0,0,0,0,0,0,0,0,0,0,0,0,0,0,0,0,0,0,0,0,0,0,0
"Aquimarina",0,0,0,0,0,0,0,0,0,0,0,0,0,0,0,0,0,0,0,0,0,0,0,0,0,0,0,0,0,0,0,0,0,0,0,0,0,0,0,0,0,0,0,0,0,0,0,0,0,0,0,0,0,0,0,0,0,6,0,0,0,0,0,0,0,0,0,0,0,0,0,0,0,0,0,0,0,0,0,0,0,0
"Bizionia",0,0,0,0,0,0,0,0,0,0,0,0,0,0,0,0,0,0,0,0,0,0,0,0,0,0,0,0,0,0,0,0,0,0,0,0,0,0,0,0,0,0,0,0,0,0,0,0,0,0,0,0,0,0,0,0,0,0,0,0,41,0,0,0,0,0,0,0,0,0,0,0,0,0,0,0,0,0,0,0,0,0
"Cellulophaga",0,0,0,0,0,0,0,0,0,0,0,0,0,0,0,0,0,0,0,0,0,0,0,0,6,0,0,0,0,0,0,0,0,0,0,0,0,0,0,0,0,0,0,0,0,0,0,0,0,0,0,0,0,0,0,0,0,0,0,0,0,0,0,0,0,0,0,0,0,0,0,0,0,0,0,0,0,0,0,0,0,0
"Flavobacterium",8,0,0,17,0,0,72,0,0,0,0,0,17,0,0,0,0,0,0,7,44,0,0,0,0,0,0,0,0,5,13,17,0,0,35,61,0,0,0,0,0,0,14,3,112,0,0,0,0,0,0,0,0,0,18,14,124,0,79,14,198,392,0,0,0,6,0,7,64,67,0,7,0,0,0,0,11,0,0,0,0,0
"Lutaonella",0,0,0,0,0,0,0,0,0,0,0,0,0,0,0,0,0,0,0,0,0,0,0,0,0,0,0,0,0,0,0,0,0,0,0,0,0,0,0,0,0,0,0,0,0,0,0,0,0,0,0,0,0,0,0,0,0,0,0,0,0,16,0,0,0,0,0,0,0,0,0,0,0,0,0,0,0,0,0,0,0,0
"Nonlabens",0,0,0,0,0,0,0,0,76,0,0,0,0,0,0,0,0,0,0,0,25,0,0,0,0,0,0,0,0,0,0,0,0,10,0,0,0,0,0,0,0,0,0,0,0,0,0,0,0,0,0,0,0,0,0,0,0,8,0,0,0,0,0,2053,722,203,143,536,0,0,0,0,0,0,0,0,0,0,0,0,0,0
"Persicivirga",0,0,0,0,0,0,0,0,0,0,0,0,0,0,0,0,0,0,0,0,0,13,0,0,0,0,0,0,0,0,0,0,0,0,0,0,0,0,0,0,0,0,9,0,0,0,0,0,0,0,0,0,0,0,0,0,0,0,0,0,0,14,0,37,90,13,4,19,0,0,0,0,13,0,0,0,0,0,0,0,0,0
"Tenacibaculum",0,0,0,0,0,0,0,0,0,0,0,0,0,0,0,0,0,0,0,0,0,0,0,0,0,0,0,0,0,0,0,0,0,0,0,0,0,0,0,0,0,0,0,0,0,0,0,0,0,0,0,0,0,0,0,0,0,0,0,0,0,0,0,0,0,0,0,0,0,0,0,6,0,0,0,0,0,0,0,0,0,0
"Mucilaginibacter",0,0,0,0,0,0,0,0,0,0,0,5,0,87,0,0,0,0,0,0,0,42,12,0,0,0,0,0,5,0,0,0,0,5,0,0,0,0,0,0,0,0,0,0,0,0,0,0,0,0,0,0,0,0,0,0,0,0,0,0,0,0,0,165,146,40,31,137,0,0,0,0,0,0,0,0,49,0,0,0,0,0
"Olivibacter",0,0,0,0,0,0,0,0,0,0,0,0,0,0,0,0,0,0,0,0,0,0,0,0,0,0,0,0,0,0,0,0,0,0,0,0,0,0,0,0,0,0,0,0,0,0,0,0,0,0,0,0,0,0,0,0,11,0,0,0,38,0,0,0,0,0,0,0,0,0,0,0,0,0,0,0,0,0,0,0,0,0
"Parapedobacter",46,2,0,0,0,0,0,0,0,0,0,0,0,0,0,0,0,0,0,0,0,0,0,0,19,0,0,0,0,0,0,0,0,0,0,0,0,0,0,0,0,0,0,0,0,0,0,0,0,0,0,0,0,0,0,0,0,0,8,0,0,0,0,0,0,0,0,0,0,0,0,0,0,0,0,0,0,0,0,0,0,0
"Pedobacter",0,0,0,0,0,0,0,0,77,0,0,0,0,487,0,0,5,8,0,0,0,108,18,35,95,0,23,0,20,0,0,0,0,335,0,0,0,0,0,5,0,0,0,0,0,0,0,0,0,0,0,0,32,0,0,4,30,57,24,0,21,4,0,566,615,150,129,327,0,0,0,150,0,0,0,0,72,0,0,0,0,0
"Sphingobacterium",0,0,0,0,0,0,0,0,8,7,0,0,0,0,0,0,0,0,0,0,20,23,85,26,215,67,89,0,966,0,0,0,4,0,0,0,0,0,0,7,0,0,0,0,0,0,0,0,0,0,0,0,0,0,0,0,0,0,0,0,0,11,0,0,33,23,0,0,0,0,0,0,0,0,0,0,0,0,0,0,0,0
"Simkania",0,0,0,0,0,0,0,0,0,0,0,0,0,0,0,0,0,0,0,0,0,0,19,0,0,0,0,0,0,0,0,0,0,0,0,0,64,0,0,0,0,0,0,0,0,0,0,0,0,0,0,0,0,0,0,0,0,0,0,0,0,0,0,0,0,0,0,0,0,0,0,0,0,0,0,0,0,0,0,0,0,0
"Chlorobium",0,0,0,0,0,0,0,0,0,0,0,0,0,0,0,0,0,0,0,0,0,0,0,0,0,0,0,0,0,0,0,0,0,0,0,0,0,0,58,0,0,0,0,0,0,0,0,0,0,0,0,0,0,0,0,0,0,0,0,0,0,0,0,0,0,0,0,0,0,0,0,0,0,0,0,0,0,0,0,0,0,0
"Anaerolinea",0,0,0,0,0,0,0,0,0,0,0,0,11,0,0,0,0,0,0,0,0,0,0,0,0,0,0,0,0,0,0,0,0,0,0,0,0,0,4,0,0,0,0,0,0,0,0,0,0,0,0,0,0,0,0,0,0,0,0,0,0,0,0,0,0,0,0,0,0,0,0,0,0,0,0,0,0,0,0,0,0,0
"SHD-231",0,0,0,0,0,0,0,0,0,17,0,0,0,0,0,0,0,0,0,0,0,0,0,0,0,0,6,0,0,0,0,0,0,0,0,0,0,0,0,0,0,0,0,4,0,0,0,0,0,0,0,0,0,0,0,0,0,0,9,0,0,6,0,0,0,0,0,0,2,0,0,0,0,2,0,0,0,0,0,0,0,0
"T78",0,0,0,0,0,0,0,0,0,0,0,0,0,0,0,0,0,0,0,0,0,0,0,0,0,0,0,0,0,0,0,0,0,0,0,0,0,0,5,0,0,0,0,0,0,0,0,0,0,0,0,0,0,0,0,0,0,0,0,0,0,0,0,0,0,0,0,0,0,0,0,0,0,0,0,0,0,0,0,0,0,0
"Ardenscatena",0,0,0,0,0,0,0,0,0,2,0,0,0,0,0,0,0,0,0,26,0,0,11,0,0,0,0,0,0,0,0,0,0,0,0,0,0,0,0,0,0,0,0,0,0,0,0,0,0,0,0,0,0,0,0,0,0,0,0,0,0,0,0,0,0,0,0,0,0,0,0,0,0,0,0,0,0,0,0,0,0,0
"Litorilinea",0,0,0,0,0,0,0,0,0,0,0,0,0,0,0,0,0,0,0,0,0,0,0,0,0,0,0,0,0,0,2,0,0,0,0,0,0,0,0,0,0,0,0,0,0,0,0,0,0,0,0,0,0,0,0,0,0,0,0,0,0,0,0,0,0,0,0,0,0,0,0,0,0,0,0,0,0,0,0,0,0,0
"Kouleothrix",0,0,5,0,0,0,0,0,0,0,0,0,0,0,0,0,0,0,0,0,0,0,0,0,0,0,0,0,0,0,0,0,0,0,0,0,0,0,0,0,0,0,0,0,0,0,0,0,0,0,0,0,0,0,0,0,0,0,0,0,0,0,0,0,0,0,0,0,0,0,0,0,0,0,0,0,0,0,0,0,0,0
"Chloronema",0,0,0,0,0,0,0,0,0,18,0,0,0,0,24,0,0,0,0,8,0,0,0,0,0,0,20,0,0,0,0,0,0,0,0,0,0,0,0,0,12,0,0,0,0,0,0,0,0,0,0,0,0,0,0,0,0,0,0,0,0,0,0,0,0,0,0,0,0,0,0,0,0,0,0,0,0,0,18,0,0,0
"Oscillochloris",0,0,0,0,0,0,0,0,0,0,0,0,0,0,0,0,0,0,0,0,0,0,0,0,0,0,0,0,0,0,0,0,0,0,0,0,0,0,20,0,0,0,0,0,0,0,0,0,0,0,0,0,0,0,0,0,0,0,0,0,0,0,0,0,0,0,0,0,0,0,0,0,0,0,0,0,0,0,0,0,0,0
"Chloroidium",0,0,0,0,0,0,0,0,0,0,0,0,0,0,0,0,0,0,0,0,0,0,0,0,0,0,0,0,0,0,0,0,0,0,0,0,0,0,0,0,0,0,0,0,7,0,0,0,0,0,0,0,0,0,0,0,0,0,0,0,0,0,0,0,0,0,0,0,0,0,0,0,0,0,0,0,0,0,0,0,0,0
"Halomicronema",0,0,0,0,0,0,0,0,0,0,0,0,0,0,0,0,0,0,0,0,0,0,0,0,0,0,0,18,0,0,0,0,0,0,0,0,0,0,0,0,0,0,0,0,0,0,0,0,0,0,0,0,0,0,0,0,0,0,0,0,0,0,0,0,0,0,0,0,0,0,0,0,0,0,0,0,0,0,0,0,0,0
"Leptolyngbya",0,0,0,0,0,0,0,0,0,0,0,0,11,0,0,0,0,0,0,0,0,0,0,0,0,0,0,0,0,0,0,0,0,0,0,0,0,0,0,0,0,0,0,0,0,0,0,0,0,0,0,0,0,0,0,0,0,0,0,0,0,0,0,0,0,0,0,0,0,0,0,0,0,0,0,0,0,0,0,0,0,0
"Mucispirillum",0,0,0,0,0,0,0,0,0,0,0,0,0,0,0,0,0,0,0,0,0,0,0,0,0,0,0,0,0,0,0,0,0,0,0,0,0,0,0,0,0,0,0,0,0,0,0,0,0,0,0,0,0,0,261,0,0,326,0,0,0,0,0,0,0,0,0,0,0,0,0,0,0,0,0,0,0,0,0,0,0,0
"Elusimicrobium",0,0,0,0,4,0,0,0,0,0,0,0,0,0,0,0,0,0,0,0,0,0,0,0,0,0,0,0,0,0,0,0,0,0,0,0,0,0,0,0,0,0,0,0,0,0,0,0,0,0,0,0,0,0,0,0,0,0,0,0,7,0,0,0,0,0,0,0,0,0,0,0,0,0,0,0,0,0,0,0,0,0
"Bacteria_Firmicutes_Bacilli_Bacillales_Bacillaceae_Bacillus",356,618,199,0,43,0,0,0,0,5,151,0,82,0,0,0,0,3,0,0,40,0,92,11,78,0,0,449,0,18,57,18,0,32,0,117,388,0,0,0,0,138,0,63,39,263,3,0,0,27,0,4,244,0,58,0,70,10,280,57,250,439,45,0,7,12,0,0,0,0,0,0,0,0,46,0,34,82,37,153,26,0
"Marinococcus",0,35,0,0,0,0,0,0,0,0,0,0,34,0,0,0,0,0,0,0,0,0,0,0,0,0,0,0,0,0,0,0,0,0,0,0,0,0,0,0,0,0,0,0,0,0,0,0,0,0,0,0,0,0,0,0,0,0,0,0,0,0,0,0,0,0,0,0,0,0,0,0,0,0,0,0,0,0,0,0,0,0
"Oceanobacillus",0,0,0,0,0,0,0,0,0,11,0,0,0,0,0,0,0,0,0,0,9,10,42,0,0,0,0,0,0,0,0,0,0,0,0,0,0,0,11,0,0,0,0,0,0,0,0,0,0,0,0,0,0,0,0,0,0,0,0,0,0,0,0,0,0,0,0,0,0,0,0,0,0,0,0,0,0,0,0,0,0,0
"Terribacillus",0,0,0,0,0,0,0,0,0,0,0,0,0,0,0,0,0,0,0,0,0,0,0,0,0,0,0,0,0,0,0,0,0,0,0,0,0,0,0,0,0,0,0,0,0,0,0,0,0,0,0,12,0,0,0,0,0,0,0,0,0,0,0,0,0,0,0,0,0,0,0,0,0,0,0,0,0,0,0,0,0,0
"Aneurinibacillus",0,0,0,0,0,0,0,0,0,0,0,0,0,0,0,0,0,0,0,0,0,0,0,0,0,0,0,0,0,0,0,0,0,0,0,0,0,0,0,0,0,0,0,0,0,0,0,0,0,0,0,0,0,0,0,0,0,0,0,0,0,0,0,0,0,0,0,0,0,0,0,4,0,0,0,0,0,0,0,0,0,0
"Brevibacillus",0,0,0,0,0,0,0,0,0,0,0,0,0,0,0,0,0,0,0,0,0,0,0,0,0,0,0,0,0,0,0,0,0,0,9,0,0,0,0,0,0,0,0,0,0,0,0,0,0,0,0,0,0,0,0,0,0,0,0,0,0,0,0,0,0,0,0,0,0,0,0,0,0,0,0,0,0,0,21,0,0,0
"Paenibacillus",0,0,0,0,0,0,0,0,0,66,0,0,0,0,0,0,0,0,0,0,0,0,0,0,0,0,0,0,0,0,0,0,0,0,0,0,0,0,0,0,0,0,0,0,0,0,0,7,0,0,0,0,0,0,0,0,0,0,0,0,0,0,0,0,0,0,0,0,0,0,0,0,0,0,0,0,0,0,0,0,0,0
"Saccharibacillus",0,0,0,0,0,0,0,0,0,0,0,0,0,0,0,0,0,0,0,0,0,0,0,0,0,0,0,0,0,0,0,0,0,0,0,0,0,0,3,0,0,0,0,0,0,0,0,0,0,0,0,0,0,0,0,0,0,0,0,0,0,0,0,0,0,0,0,0,0,0,0,0,0,0,0,0,0,0,0,0,0,0
"Bacteria_Firmicutes_Bacilli_Bacillales_Planococcaceae_Bacillus",4,48,13,19,0,0,74,0,0,166,0,0,27,0,0,0,0,0,22,17,0,0,66,24,9,21,110,99,11,48,30,25,34,0,0,18,0,0,0,0,0,0,9,0,19,0,0,0,0,0,0,7,0,12,51,135,387,27,57,0,13,45,0,0,0,0,0,0,403,0,0,0,8,0,0,0,0,0,0,0,29,0
"Kurthia",0,0,0,0,495,0,26,26,7,42,0,9,0,0,0,0,0,0,0,0,0,0,0,0,73,0,0,14,0,82,49,169,0,0,31,0,0,0,0,0,0,0,13,0,0,0,0,0,0,0,0,0,0,44,0,80,286,37,15,0,17,0,0,0,0,0,0,0,129,111,0,22,8,0,0,0,0,0,15,21,0,0
"Solibacillus",0,0,0,0,0,0,0,0,0,0,0,0,0,0,0,0,0,0,0,0,15,0,0,0,0,0,0,0,0,0,0,0,0,0,0,0,0,0,0,0,0,0,0,0,0,0,0,0,0,0,0,0,0,0,0,0,0,0,0,0,0,0,0,0,0,0,0,0,0,0,0,0,0,0,0,0,0,0,0,0,0,0
"Sporosarcina",0,0,0,0,0,0,0,0,0,15,0,0,0,13,0,0,0,0,0,0,0,0,0,0,0,0,0,0,0,0,0,0,0,0,0,0,0,0,0,0,0,0,0,0,0,0,0,0,0,0,0,0,0,0,0,0,0,0,0,0,0,0,0,0,0,0,0,0,0,0,0,0,0,0,0,0,0,0,0,0,0,0
"Staphylococcus",14,18,269,184,73,9,191,16,245,1189,231,5,250,365,40,62,1055,811,444,146,8057,428,1101,5544,8053,364,2443,927,148,37,3649,2862,2197,471,77,496,1152,24,197,523,57,1008,1122,11868,7782,95,0,93,190,5697,230,7407,4152,21,837,30,27,37,1363,219,245,881,17,21,198,20,50,54,316,259,72,101,18,57,21,12,61,16,111,7,7,158
"Macrococcus",769,409,64,879,114,17,143,58,88,585,660,764,834,381,33,17,59147,34781,49682,0,105,0,68,113,3087,1111,20745,144,1038,66,222,208,98,101,96,22,0,0,5,225,0,45,293,48950,7442,0,0,0,38,28,6,0,0,72,494,1284,2728,299,1910,11,124,1066,163,4,67,4,24,31,6932,646,68,46,788,2208,152,429,125,3118,2168,2773,364,2213
"Thermoactinomyces",0,0,0,0,0,0,0,0,0,0,0,0,0,0,0,0,0,0,0,0,0,0,0,0,0,0,0,0,0,0,0,0,0,0,7,0,0,0,0,0,0,0,0,0,0,0,0,0,0,0,0,0,0,0,0,0,0,0,0,0,0,0,0,0,0,0,0,0,0,0,0,0,0,0,0,0,0,0,0,0,0,0
"Haloplasma",14,0,0,0,0,0,0,0,0,0,0,0,0,0,0,0,0,0,0,0,0,0,0,0,0,0,0,0,0,67,0,17,0,0,0,0,0,0,0,0,0,0,168,12,0,0,0,0,0,0,0,0,0,0,0,0,34,0,17,0,0,22,11,0,0,0,0,0,0,0,0,0,0,43,0,8,0,0,32,41,0,40
"Abiotrophia",0,0,0,0,0,0,0,0,0,44,0,0,0,0,0,16,0,0,0,0,0,0,0,13,0,0,0,0,0,0,0,0,0,0,0,0,0,0,0,0,0,0,0,0,0,0,0,0,0,0,0,0,0,0,0,0,10,0,0,0,0,0,0,0,0,0,0,0,0,0,0,0,0,0,0,0,0,0,0,0,0,0
"Alkalibacterium",33,0,0,0,0,0,0,0,0,13,0,0,0,0,0,0,0,0,0,0,0,0,0,0,0,0,0,0,0,0,0,0,0,0,0,0,0,0,10,0,0,0,0,0,0,0,0,0,0,0,0,0,0,0,0,0,87,0,12,0,0,0,0,0,0,0,0,0,12,0,0,0,0,0,0,0,0,95,7,102,0,67
"Allofustis",0,0,0,0,0,0,0,0,0,0,0,0,0,0,0,0,0,0,0,0,0,0,0,0,0,0,0,0,0,0,0,0,0,0,0,0,0,0,0,0,0,0,0,0,0,0,0,0,0,0,0,0,0,0,0,0,0,0,0,0,0,0,0,0,0,0,0,0,0,0,0,0,0,0,0,0,4,0,0,0,0,0
"Atopococcus",1178,316,110,248,545,0,192,73,0,253,16,0,18,0,0,16,0,17,0,0,35,0,19,83,12,220,55,57,55,1112,548,1136,196,33,214,92,0,11,13,31,15,565,7968,1152,683,0,0,0,184,240,0,0,59,14,453,537,4044,251,6327,76,619,5168,1289,0,105,34,53,40,11672,462,160,77,3813,6652,481,1645,230,3366,4197,5053,965,2422
"Atopostipes",42,0,0,0,0,0,28,0,0,115,0,0,0,0,5,0,0,0,0,0,0,0,0,0,0,0,0,0,0,115,85,160,12,5,6,0,0,0,32,54,0,0,16,0,0,0,0,0,0,0,0,4,0,13,104,299,1120,78,115,0,43,34,38,6,0,0,0,0,348,19,0,0,170,218,48,136,48,4020,1252,1051,142,2164
"Granulicatella",299,7,0,7,58,0,29,25,27,33,0,0,0,0,0,33,0,0,0,28,0,0,0,152,0,0,19,10,0,285,168,426,23,22,20,0,0,0,0,0,0,0,117,0,60,0,0,0,23,18,0,0,0,0,56,146,709,33,1800,20,523,2094,218,0,7,0,0,0,2200,60,16,11,293,550,25,228,10,277,386,609,371,420
"Lacticigenium",267,86,295,0,0,6,0,0,0,0,167,334,0,381,407,0,726,80,0,0,0,0,23,350,81,186,0,320,0,0,38,295,0,0,0,376,170,166,1208,0,0,0,0,82,141,97,0,128,0,0,0,0,146,21,227,28,108,0,0,208,0,0,0,53,0,23,0,0,0,278,219,0,0,13,0,0,0,58,221,70,0,101
"Marinilactibacillus",0,0,0,0,0,0,0,0,0,20,0,0,0,0,0,0,0,0,0,0,0,0,0,0,0,0,0,0,0,0,0,0,0,0,0,0,0,0,0,0,0,0,0,0,0,0,0,0,0,0,0,0,0,0,0,0,0,0,0,0,0,0,0,0,0,0,0,0,0,0,0,0,0,0,0,0,0,0,0,0,0,0
"Isobaculum",0,0,0,0,276,0,0,9,0,0,0,0,0,0,0,0,0,0,0,0,0,0,0,0,0,0,0,0,0,0,0,0,0,0,0,0,0,0,0,0,0,0,0,0,28,0,0,0,29,0,0,0,0,0,0,0,0,0,0,0,0,18,0,0,0,0,0,0,24,0,0,0,31,30,0,62,0,34,126,166,113,119
"Melissococcus",0,0,0,0,0,0,0,0,0,0,0,0,0,0,0,0,0,0,0,0,0,0,0,0,0,0,0,0,0,0,0,0,0,0,0,0,0,0,0,0,0,0,0,0,0,0,0,0,0,0,0,0,0,0,0,0,0,0,0,0,0,12,0,0,0,0,0,0,0,0,0,0,0,0,0,0,0,0,0,0,0,0
"Lactobacillus",32,7,0,42,45,0,7,0,39,86,0,0,0,0,0,0,0,0,0,0,0,232,125,47,0,17,36,0,0,0,0,0,132,47,0,14,13,0,0,0,0,0,161,0,70,0,32,0,11,0,0,0,13,277,256,0,0,937,191,550,126,24,0,15,0,0,0,0,0,0,0,585,98,109,5,14,52,0,6,6,12,15
"Pediococcus",69,0,0,0,48,0,0,0,6,62,0,0,0,0,0,0,0,0,0,0,0,140,23,52,0,0,0,0,0,0,0,0,173,13,0,0,0,0,0,0,0,81,0,8,35,0,0,0,0,0,0,0,0,0,0,0,0,175,135,46,33,45,0,0,0,0,0,0,0,0,0,719,38,81,0,14,43,0,0,3,0,0
"Leuconostoc",0,0,0,0,8,0,0,0,0,0,0,0,0,0,0,0,0,0,0,0,0,0,0,0,0,0,0,0,0,0,0,0,0,0,0,0,0,0,0,0,0,0,0,0,0,0,0,0,0,0,0,0,0,0,0,0,0,2,0,0,0,0,0,0,0,0,0,0,0,0,0,0,0,0,0,0,10,0,0,3,0,0
"Weissella",45,29,0,8,129,0,0,0,17,64,0,45,0,0,0,0,0,0,0,0,0,0,0,5,7,15,11,241,2,0,7,4,0,0,0,14,0,0,7,0,0,12,53,0,13,0,0,0,8,0,0,0,0,0,0,0,0,0,185,0,83,452,14,0,0,0,0,6,12,0,0,0,63,101,0,20,0,6,53,198,20,6
"Lactococcus",0,0,0,0,122,0,7,0,5240,0,0,0,0,0,0,0,0,0,0,0,0,0,0,0,155,0,0,0,0,0,0,0,0,1698,0,0,0,0,0,241,0,4,0,0,0,0,0,0,0,0,0,0,0,27,0,0,0,27,0,0,0,0,0,1829,723,4348,254,74,0,0,0,66,0,4,0,0,3526,0,0,0,0,0
"Streptococcus",22,143,11,863,146,30085,489,25039,36109,314,17,256,575,2261,0,664,158,39,20,28,179,111,191,369,14670,5409,3252,121,35472,1147,389,373,108,17052,21,118,0,73,837,27254,26,29,275,59,1841,0,0,661,47,90,0,24,0,22,5,124,38,280,6902,72,1756,15360,0,1433,5405,9609,1295,747,39,0,19,10479,37,94,98,22,840,6,81,159,0,31
"Guggenheimella",0,0,0,0,27,0,0,0,0,0,0,0,0,0,0,0,0,0,0,0,0,0,0,0,0,0,0,0,0,0,0,0,0,0,0,0,0,0,0,0,0,0,0,0,0,0,0,0,0,0,0,0,0,0,0,10,0,0,53,0,14,26,9,0,0,0,0,0,13,0,0,0,0,3,0,10,0,0,9,31,0,6
"Anaerococcus",0,0,0,0,0,0,0,0,0,0,0,0,0,0,0,0,0,0,0,0,0,0,0,0,0,0,0,0,0,0,0,0,0,0,0,0,0,0,0,0,0,0,0,0,0,0,0,0,0,0,0,0,0,0,0,0,0,0,0,0,0,0,0,0,0,0,0,0,0,0,0,0,285,749,0,145,0,9,26,17,0,0
"Gallicola",0,0,0,0,0,0,0,0,0,0,0,0,0,0,0,0,0,0,0,0,0,0,0,0,0,0,0,6,0,0,0,0,0,0,0,0,0,0,0,0,0,0,27,0,0,0,0,0,0,0,0,0,0,0,0,0,0,0,0,0,0,18,0,0,0,0,0,0,17,0,0,0,25,110,0,4,0,0,0,0,0,0
"GW-34",62,0,0,0,45,0,46,6,0,0,0,0,0,0,0,0,0,0,0,0,0,0,4,0,0,0,0,0,0,4,0,0,0,0,13,0,0,0,0,0,0,21,286,103,33,0,0,0,11,0,0,0,0,0,0,28,127,17,73,0,32,109,46,0,0,0,0,0,49,0,30,0,62,117,5,31,21,261,124,275,23,45
"Helcococcus",0,0,16,0,8,0,0,0,0,0,0,0,0,0,0,0,0,0,0,0,0,0,0,0,0,0,0,0,0,0,0,0,0,0,5,0,0,0,0,0,0,0,149,0,22,0,0,0,0,0,0,0,0,0,0,16,33,3,112,7,78,68,19,0,0,0,0,0,112,0,0,0,167,233,27,88,12,40,31,24,0,4
"Peptoniphilus",0,16,0,0,0,0,0,0,0,0,0,0,0,0,0,0,0,0,0,0,0,0,0,0,0,0,0,0,0,0,0,0,0,0,0,0,0,0,0,0,0,0,0,3,0,0,0,0,0,0,0,0,0,0,0,0,0,0,0,0,0,0,0,0,0,0,0,0,0,0,0,0,24,5,0,12,0,0,0,0,0,0
"ph2",15,0,0,0,178,0,0,7,0,0,0,0,0,0,0,0,0,0,0,0,0,0,0,0,0,0,0,0,0,0,15,11,0,0,0,0,0,0,0,0,0,17,390,78,27,0,0,0,0,0,0,0,0,5,4,137,206,39,160,0,16,172,13,0,0,0,0,2,68,0,0,0,67,102,14,24,7,80,107,128,17,26
"Bacteria_Firmicutes_Clostridia_Clostridiales_Clostridiaceae_Clostridium",403,44,195,31,410,0,177,0,15,73,0,160,164,0,171,0,0,0,0,0,143,6,181,114,13,118,136,103,4,271,197,35,5,12,244,187,141,0,125,12,0,203,443,399,421,89,0,0,239,0,0,0,0,434,546,61,213,1065,268,1788,1875,567,579,0,31,0,0,4,181,151,0,0,836,1347,253,850,71,177,470,1097,287,802
"Proteiniborus",0,0,0,0,0,0,0,0,0,0,0,0,0,0,0,0,0,0,0,0,0,0,0,0,0,0,0,0,0,0,0,0,0,0,0,0,0,0,0,0,0,0,0,10,0,0,0,0,0,0,0,0,0,0,0,0,0,0,0,0,0,0,0,0,0,0,0,0,0,0,0,0,0,0,0,0,0,0,0,0,0,0
"Anaerofustis",0,0,0,0,0,0,0,0,0,0,0,0,0,0,0,0,0,0,0,0,0,0,0,0,0,0,5,0,0,0,0,0,0,0,21,0,0,0,0,0,0,0,0,8,0,0,0,0,0,0,0,0,0,0,0,0,0,0,5,0,0,9,0,0,0,0,0,0,6,0,0,0,10,3,0,0,0,6,0,0,2,0
"Garciella",0,0,0,0,0,0,0,0,0,0,0,0,0,0,0,0,0,0,0,0,0,0,0,0,0,0,0,0,0,0,0,0,0,0,0,0,0,0,0,0,0,0,0,0,0,0,0,0,0,0,0,0,0,0,0,0,30,0,0,0,0,0,0,0,0,0,0,0,0,0,0,0,0,0,0,0,0,0,0,0,0,0
"Bacteria_Firmicutes_Clostridia_Clostridiales_Lachnospiraceae_Bacteroides",0,0,0,0,0,0,0,0,0,0,0,0,0,0,0,0,0,0,0,0,0,0,0,0,0,32,0,73,0,0,0,0,0,0,0,0,0,0,0,0,0,0,10,0,0,0,0,0,0,0,0,0,0,0,0,0,0,0,0,0,0,0,0,0,0,0,0,0,0,0,0,0,0,0,0,0,0,0,0,0,0,0
"Butyrivibrio",52,0,0,5,56,0,0,0,0,8,0,0,0,0,0,0,0,0,0,0,0,0,0,0,0,0,0,3,0,0,0,0,0,0,0,0,0,0,0,0,0,0,15,0,0,0,0,0,0,0,0,0,0,0,0,0,0,0,0,0,0,0,5,0,0,0,0,0,0,0,0,0,11,7,97,13,0,0,0,0,0,7
"Bacteria_Firmicutes_Clostridia_Clostridiales_Lachnospiraceae_Clostridium",202,45,0,0,43,0,0,0,0,123,0,0,0,0,0,0,0,0,0,48,9,20,48,0,35,67,72,59,0,118,38,14,33,2,0,0,0,0,0,0,18,63,289,0,19,0,0,0,0,33,0,0,0,172,657,13,152,1196,141,409,54,73,18,0,0,3,0,0,73,43,17,99,113,75,14,85,15,63,55,69,77,102
"Coprococcus",0,0,0,0,0,0,0,0,0,0,0,0,0,0,0,0,0,0,0,0,0,0,0,0,0,0,0,0,0,0,0,0,0,0,0,0,0,0,0,0,0,0,0,0,0,0,0,0,0,0,0,0,0,0,117,0,0,68,0,0,0,0,0,0,0,0,0,0,0,0,0,0,0,0,0,0,0,0,0,0,0,0
"Defluviitalea",17,0,0,0,0,0,0,0,0,71,0,0,0,0,0,0,0,0,0,0,0,0,0,0,0,0,0,3,0,0,0,0,3,0,0,0,0,0,0,0,0,6,16,4,0,0,0,0,0,7,0,0,0,0,0,0,0,0,0,0,6,13,13,0,0,0,0,0,20,0,0,0,5,14,0,7,0,0,0,46,0,0
"Dorea",0,0,0,0,0,0,0,0,0,0,0,0,0,0,0,0,0,0,0,0,0,0,0,0,0,0,0,0,0,0,0,0,0,0,0,0,0,0,0,0,0,0,0,0,0,0,0,0,0,0,0,0,0,38,358,0,0,504,0,107,359,0,0,0,0,0,0,0,0,0,0,0,0,0,0,0,0,0,0,0,0,0
"Hespellia",20,0,0,0,0,0,0,0,0,0,0,0,0,0,0,0,0,0,0,0,0,0,0,0,0,0,9,0,0,5,0,0,0,0,0,0,0,0,0,0,0,0,0,0,0,0,0,0,0,0,0,0,0,0,0,3,0,0,0,0,0,0,0,0,0,0,0,0,0,0,0,0,0,6,0,12,0,0,4,12,0,0
"Lactonifactor",13,0,0,0,51,0,0,0,0,48,0,0,0,0,0,0,8,0,0,0,0,0,0,9,0,14,63,32,0,19,0,0,0,0,11,0,0,0,0,0,0,71,93,13,0,0,0,0,0,66,0,7,0,75,401,14,21,356,32,0,52,73,0,0,0,0,0,0,29,0,29,0,62,86,0,65,0,24,86,55,70,43
"Marvinbryantia",0,0,0,0,0,0,0,0,0,0,0,0,0,0,0,0,0,0,0,0,0,0,0,0,0,0,8,0,0,0,0,0,0,0,0,0,0,0,0,0,0,0,0,0,0,0,0,0,0,0,0,0,0,0,0,0,0,0,0,0,0,0,0,0,0,0,0,0,0,0,0,0,0,0,0,0,0,0,0,0,0,0
"Roseburia",580,62,0,16,0,0,18,0,0,77,0,0,0,0,0,0,0,0,0,0,0,0,16,0,9,6,0,17,7,204,90,72,0,0,0,0,0,0,0,0,0,4,222,0,5,0,0,0,28,0,0,39,31,159,1017,7,41,2737,33,21,113,82,284,0,0,0,0,0,0,0,0,2,171,206,67,169,10,179,203,630,13,108
"Bacteria_Firmicutes_Clostridia_Clostridiales_Lachnospiraceae_Ruminococcus",385,67,0,62,181,0,14,0,0,88,0,0,40,0,0,0,0,0,0,0,0,14,0,122,0,78,37,57,0,17,10,48,0,0,0,0,0,0,0,0,4,0,191,218,74,0,0,0,23,0,0,100,0,376,191,14,230,2040,122,804,1024,105,79,0,0,5,0,0,83,0,0,0,255,291,18,109,0,191,59,226,54,143
"Syntrophococcus",0,0,0,0,0,0,0,0,0,55,3,0,0,0,0,0,0,0,0,0,0,0,0,0,0,5,18,24,0,0,0,0,0,0,0,0,0,0,0,0,0,0,35,61,0,0,0,0,0,0,0,0,0,0,9,0,16,0,15,0,21,47,0,0,0,0,0,0,19,0,0,0,5,0,0,10,0,0,0,42,0,9
"Niigata-25",0,0,0,0,0,0,0,0,0,0,0,0,0,0,0,0,0,0,0,0,0,0,0,0,0,0,0,0,0,0,0,0,0,0,0,0,0,0,0,0,0,0,0,0,0,0,0,0,0,0,0,0,0,0,0,0,0,0,0,0,0,0,0,0,0,0,0,0,0,0,0,0,5,0,0,0,0,0,0,0,0,0
"rc4-4",126,0,0,0,0,0,0,0,0,0,0,0,0,0,0,0,0,0,0,0,0,0,0,0,0,0,0,0,0,14,0,0,0,0,0,0,0,0,0,0,0,0,0,0,0,0,0,0,0,0,0,0,0,31,0,0,26,0,0,6,12,0,13,0,0,0,0,0,20,0,0,0,17,5,0,21,0,57,0,3,0,11
"[Clostridium]",110,10,15,0,93,0,74,0,0,94,0,0,0,30,0,23,37,0,0,0,12,0,0,0,5,12,112,48,0,93,100,77,56,0,42,20,0,0,0,0,0,28,285,248,56,0,0,0,50,0,0,20,0,183,0,19,88,356,148,544,613,287,33,10,4,0,0,8,199,36,0,0,155,287,5,113,0,40,38,204,66,103
"Bacteria_Firmicutes_Clostridia_Clostridiales_Peptostreptococcaceae_Clostridium",294,44,0,0,7,0,0,5,0,231,26,0,17,0,9,14,27,0,16,25,38,17,8,53,21,66,130,52,0,29,187,145,96,0,50,110,16,0,5,0,0,36,181,274,40,0,0,0,146,41,16,59,40,418,74,24,76,2016,114,324,1649,366,80,0,0,0,0,0,74,0,20,15,274,378,13,199,24,106,141,416,161,178
"Filifactor",0,0,0,0,0,0,0,0,0,0,0,0,0,0,0,0,0,0,0,0,0,0,0,0,0,0,0,0,0,0,0,0,0,0,0,0,0,0,0,15,0,0,0,0,0,0,0,0,0,0,0,0,0,0,0,0,0,0,0,0,0,0,0,0,0,0,0,0,0,0,0,0,0,0,0,0,0,0,0,0,0,0
"Peptostreptococcus",0,0,0,0,0,0,0,0,0,40,0,0,0,0,0,0,0,0,0,2,0,97,0,0,0,0,0,0,0,0,0,0,0,0,0,0,0,0,7,0,0,0,20,0,0,0,0,0,0,0,0,0,0,22,0,0,0,55,0,100,49,3,0,0,0,0,0,0,0,0,0,0,0,0,0,0,0,0,0,0,0,0
"Proteocatella",0,0,0,0,0,0,0,0,0,0,0,0,0,0,0,0,0,0,0,0,0,0,0,0,0,0,0,0,0,0,0,0,0,0,0,0,0,0,0,0,0,0,0,0,0,0,0,0,0,0,0,0,0,0,0,0,8,0,0,0,0,4,0,0,0,0,0,0,12,0,0,0,0,0,0,4,0,0,0,0,0,9
"Bacteria_Firmicutes_Clostridia_Clostridiales_Ruminococcaceae_Bacteroides",93,7,0,0,13,0,0,0,0,69,0,0,0,0,0,0,0,0,0,0,3,0,0,0,3,0,0,35,0,10,0,6,0,0,0,0,0,0,0,0,0,0,83,0,3,0,0,0,0,32,0,0,0,0,0,0,33,0,49,6,64,101,19,0,0,0,0,0,34,3,4,0,0,2,0,0,0,15,0,6,2,26
"Butyricicoccus",0,0,0,0,9,0,0,0,0,0,0,0,0,0,0,0,0,0,0,0,0,0,0,0,0,0,0,0,0,6,0,0,0,0,0,0,0,0,0,0,0,0,34,0,0,0,0,0,0,0,0,0,0,9,237,0,10,221,0,464,112,0,0,0,0,0,0,0,0,0,0,0,3,0,0,7,4,0,0,0,0,0
"Bacteria_Firmicutes_Clostridia_Clostridiales_Ruminococcaceae_Clostridium",536,11,19,8,19,0,0,0,0,334,0,0,0,0,0,0,0,0,0,0,9,6,86,41,40,85,37,71,0,303,51,24,7,5,12,56,0,0,0,5,3,31,661,146,56,0,0,0,11,61,0,67,27,17,39,19,315,299,181,41,433,370,187,0,0,0,0,0,187,104,14,6,179,162,0,133,3,129,99,181,74,105
"Ethanoligenens",0,0,0,0,0,0,0,0,0,0,0,0,0,0,0,0,0,0,0,0,0,0,0,0,0,0,0,0,0,0,0,0,0,0,0,0,0,0,0,0,0,0,0,0,0,0,0,0,0,0,0,0,0,0,0,0,0,0,0,0,0,0,0,0,0,0,0,0,0,0,0,0,0,0,0,0,0,0,0,24,0,0
"Faecalibacterium",0,0,0,0,12,0,0,0,5,0,0,0,0,0,0,0,0,0,0,0,0,39,0,0,0,18,5,29,3,0,4,0,0,0,0,0,0,0,0,0,0,0,0,0,0,0,0,0,0,0,0,0,0,150,2021,0,0,3309,0,46,0,0,0,0,0,0,0,0,0,0,0,0,0,0,0,0,0,0,0,0,0,0
"Gemmiger",0,0,0,0,0,0,0,0,0,0,0,0,0,0,0,0,0,0,0,0,0,15,0,0,0,0,0,0,0,0,0,0,0,0,0,0,0,0,0,0,0,0,0,0,0,0,0,0,0,0,0,0,0,0,0,0,0,0,0,0,0,0,0,0,0,0,0,0,0,0,0,0,0,0,0,0,0,0,0,0,0,0
"Oscillospira",52,169,0,0,0,0,0,0,0,29,0,0,0,0,0,0,0,0,0,23,0,0,0,8,0,0,22,8,0,8,8,0,0,0,0,0,0,0,0,0,0,0,86,0,7,0,0,0,0,40,0,0,0,8,0,0,20,0,11,0,67,61,15,0,0,0,0,0,24,0,0,0,41,32,0,16,0,0,0,0,46,13
"Papillibacter",50,2,22,14,0,0,9,0,0,108,0,0,0,0,0,0,0,0,0,0,14,0,0,28,0,45,58,15,0,99,6,19,5,0,9,0,0,0,0,0,0,0,92,0,11,0,0,0,0,3,0,0,4,25,0,0,107,41,48,0,108,72,16,0,6,0,0,0,90,37,0,12,23,30,0,19,0,48,38,4,25,29
"Bacteria_Firmicutes_Clostridia_Clostridiales_Ruminococcaceae_Ruminococcus",22,0,0,0,7,0,0,0,0,0,0,0,0,0,0,0,0,0,0,0,0,0,0,0,0,0,0,0,0,112,0,27,5,0,0,0,0,0,0,0,0,21,83,6,18,0,0,0,0,0,0,0,0,0,0,4,16,10,0,0,0,0,5,0,0,0,0,0,0,0,0,0,0,0,0,6,0,0,19,5,22,57
"Sporobacter",22,0,0,0,162,0,0,0,0,63,0,0,0,0,0,0,0,0,0,0,0,0,0,37,29,16,21,21,0,63,10,19,0,0,0,0,113,0,0,0,0,16,71,0,0,0,0,0,0,43,0,0,0,16,0,0,0,118,47,47,74,59,46,0,0,0,0,0,72,0,0,0,12,35,0,11,6,0,0,14,74,28
"Subdoligranulum",0,0,0,0,0,0,0,0,0,0,0,0,0,0,0,0,0,0,0,4,0,0,0,0,0,0,0,0,0,0,0,0,0,0,0,0,0,0,0,0,0,0,0,0,0,0,0,0,0,0,0,0,0,0,0,0,0,10,0,0,0,0,0,0,0,0,0,0,0,0,0,0,0,0,0,0,0,0,0,0,0,0
"Anaerosinus",0,11,0,0,0,0,0,0,370,0,0,0,0,0,0,0,0,0,0,0,0,0,0,78,0,0,0,0,0,0,0,3,0,108,0,0,100,0,0,0,0,0,0,0,19,0,0,0,0,0,0,0,19,0,0,0,0,102,0,0,0,45,0,0,0,0,0,5,0,0,0,0,0,0,0,0,0,0,49,0,0,0
"Pectinatus",0,0,0,0,0,0,0,0,0,0,0,0,0,0,0,0,0,0,0,0,0,0,0,0,0,0,0,0,0,0,0,0,0,0,0,0,0,0,0,0,0,0,0,0,0,0,0,0,0,0,0,0,0,0,0,0,0,0,0,0,0,0,0,0,0,0,0,0,0,0,0,0,0,0,0,0,90,0,0,0,0,0
"Selenomonas",0,0,0,6,5,0,4,0,0,0,0,0,0,0,0,0,0,0,0,0,0,0,0,0,0,0,0,0,0,0,0,0,0,10,0,0,0,0,0,0,0,0,0,0,8,0,0,0,0,0,0,0,0,109,0,0,0,195,20,348,308,30,0,0,0,0,0,2,0,0,0,0,8,8,0,5,31,0,0,0,0,0
"Succinispira",477,16,60,66,204,0,14,5,0,541,0,0,0,0,0,0,0,30,0,98,183,9,223,53,54,217,128,108,13,299,84,26,0,6,140,0,0,0,0,0,0,11,549,67,52,0,0,0,19,38,0,12,19,639,2,10,96,4649,297,1042,1027,675,122,0,0,6,0,0,127,135,0,9,276,348,0,341,16,88,168,28,272,114
"Thermosinus",0,0,0,0,0,0,0,0,0,0,0,0,0,0,0,0,0,0,0,0,0,0,0,0,0,0,0,0,0,0,0,0,0,0,0,0,0,0,0,0,0,0,0,0,0,0,0,6,0,0,0,0,0,0,0,0,0,0,0,0,11,0,0,0,0,0,0,0,0,0,6,0,0,0,0,0,0,0,7,0,0,0
"Halanaerobium",0,0,0,0,0,0,0,0,0,0,0,0,0,0,0,0,0,0,0,0,0,0,0,0,0,0,0,0,0,0,0,0,0,0,0,0,0,0,0,0,0,0,0,0,0,0,0,0,0,0,0,0,0,0,0,0,0,0,0,0,0,0,0,0,0,0,0,0,0,0,0,0,0,0,0,0,0,0,0,0,8,0
"Dethiobacter",0,0,0,0,0,0,0,0,0,4,0,0,0,0,0,0,0,0,0,0,0,0,0,0,0,0,0,0,0,0,0,0,0,0,0,0,0,0,0,0,0,0,0,0,0,0,0,0,0,0,0,0,0,0,0,0,0,0,0,0,0,0,0,0,0,0,0,0,0,0,0,0,0,0,0,0,0,0,0,0,0,0
"[Eubacterium]",0,0,0,0,0,0,0,0,0,0,0,0,0,0,0,0,0,0,0,0,0,0,0,0,0,0,0,0,0,0,0,0,0,0,0,0,0,0,0,0,0,0,0,0,0,0,0,0,0,0,0,0,0,9,0,0,0,7,0,0,0,0,0,0,0,0,0,0,0,0,0,0,0,0,0,0,0,0,0,0,0,0
"Allobaculum",0,0,0,0,0,0,0,0,0,0,0,0,0,0,0,0,0,0,0,0,0,0,0,0,0,0,0,0,0,0,0,0,0,0,0,0,0,0,0,0,0,0,0,0,0,0,0,0,0,0,0,0,0,0,0,0,0,111,0,3,0,0,0,0,0,0,0,0,0,0,0,0,0,0,0,0,0,0,0,0,0,0
"Anaerorhabdus",15,0,0,0,0,0,0,0,0,27,0,0,0,0,0,0,0,0,0,0,0,0,0,0,0,21,7,0,0,25,0,0,4,0,20,0,0,0,6,0,0,0,26,17,15,0,0,0,15,22,0,15,0,0,0,7,57,9,8,0,23,7,0,0,0,0,0,0,11,58,0,2,3,10,0,8,0,3,18,46,0,12
"Bulleidia",6,0,0,21,0,0,0,0,0,0,0,0,0,0,0,0,0,0,0,0,0,0,0,0,0,0,0,0,0,0,0,0,0,0,0,0,0,0,0,0,0,0,15,0,0,0,0,0,0,0,0,0,0,0,0,0,21,0,3,0,12,8,0,0,0,0,0,0,0,0,0,0,7,11,0,0,0,0,0,0,0,0
"Catenibacterium",0,0,0,0,0,0,0,0,0,0,0,0,0,0,0,0,0,0,0,0,0,0,0,0,0,0,0,0,0,0,0,0,0,0,0,0,0,0,0,0,0,0,0,0,0,0,0,0,0,0,0,0,0,21,0,0,0,0,0,0,0,0,0,0,0,0,0,0,0,0,0,0,0,0,0,0,0,0,0,0,0,0
"Bacteria_Firmicutes_Erysipelotrichi_Erysipelotrichales_Erysipelotrichaceae_Clostridium",4,0,0,3,0,0,0,0,0,5,0,0,0,0,0,0,0,0,0,0,0,0,0,0,0,0,0,0,0,0,0,0,0,0,0,0,0,0,0,0,0,0,40,0,0,0,0,0,0,0,0,0,0,0,0,0,2,44,0,0,0,0,22,0,0,0,0,0,0,0,0,0,17,23,0,5,0,0,0,7,0,0
"Bacteria_Firmicutes_Erysipelotrichi_Erysipelotrichales_Erysipelotrichaceae_gut",0,0,0,0,0,0,0,0,0,0,0,0,0,0,0,0,0,0,0,0,0,0,0,0,0,0,0,3,0,0,0,0,0,0,0,0,0,0,0,0,0,0,36,0,0,0,0,0,0,0,0,0,0,0,0,0,0,0,0,0,0,0,5,0,0,0,0,0,8,0,0,0,0,6,0,5,0,0,0,0,15,0
"Holdemania",0,0,0,0,0,0,0,0,0,0,0,0,0,0,0,0,0,0,0,0,0,0,0,0,0,0,0,0,0,0,0,0,0,0,0,0,0,0,0,0,0,0,0,0,0,0,0,0,0,0,0,0,0,0,0,0,0,26,0,0,0,0,0,0,0,0,0,0,0,0,0,0,0,0,0,0,0,0,0,0,0,0
"L7A_E11",0,0,0,0,0,0,0,0,0,0,0,0,0,0,0,0,0,0,0,0,0,0,0,0,0,0,0,0,0,0,0,0,0,0,0,0,0,0,0,0,0,0,0,0,0,0,0,0,0,0,0,0,0,0,0,0,0,0,0,0,0,0,0,0,0,0,0,0,0,0,0,0,0,6,0,7,0,0,0,0,0,10
"Sharpea",33,0,0,0,97,0,3,0,0,0,0,0,0,0,0,0,0,0,0,0,0,0,0,0,0,0,6,0,0,0,0,0,0,0,0,0,0,0,0,0,0,0,3,0,41,0,0,0,0,0,0,0,0,0,0,0,0,0,0,0,0,0,3,0,0,0,0,0,0,0,0,0,17,52,0,0,0,0,4,32,0,0
"Streptobacillus",0,0,0,0,0,0,0,0,0,0,0,0,0,0,0,0,0,0,0,0,0,0,0,0,0,0,0,0,0,0,0,0,0,85,0,0,0,0,0,24,0,0,0,6,0,0,0,0,0,0,0,0,0,0,0,0,0,0,0,0,0,0,0,0,0,0,0,0,0,0,0,0,0,0,0,0,6,0,0,0,0,0
"Gemmatimonas",0,0,0,0,0,0,0,0,0,0,0,0,0,0,0,0,0,8,0,0,0,0,8,0,0,0,0,0,0,0,0,0,0,0,0,0,0,0,0,0,0,0,0,0,0,0,0,0,0,0,0,0,0,0,0,0,0,0,0,0,0,0,0,0,0,0,0,0,0,0,0,0,0,0,0,0,0,0,0,0,0,0
"Victivallis",0,0,0,0,0,0,0,0,0,7,0,0,0,0,0,0,0,0,0,0,0,0,0,0,12,0,0,14,0,0,0,0,0,0,0,0,0,0,0,0,0,0,0,0,0,0,0,0,0,0,0,0,0,0,0,0,0,0,0,0,0,0,0,0,0,0,0,0,0,0,0,0,0,0,0,0,0,0,0,0,4,9
"Nitrospira",0,0,0,0,0,0,0,0,0,0,0,0,0,0,0,0,0,0,0,0,0,0,11,0,0,0,0,0,0,0,0,0,0,0,0,0,0,0,0,0,0,0,0,0,0,0,0,0,0,0,0,0,0,0,0,0,0,0,0,0,0,0,0,0,0,0,0,0,0,0,0,0,0,0,0,0,0,0,0,0,0,0
"Arthrospira",0,0,0,0,0,0,0,0,0,0,0,0,0,0,0,0,0,0,0,0,0,0,0,0,0,0,0,7,0,0,0,0,0,0,0,0,0,0,0,0,0,0,0,0,0,0,0,0,0,0,0,0,0,0,0,0,0,0,0,0,0,0,0,0,0,0,0,0,0,0,0,0,0,0,0,0,0,0,0,0,0,0
"Brevundimonas",9,0,0,0,0,0,0,0,7,16,13,88,86,182,0,0,0,70,0,0,0,10,0,21,70,292,274,143,188,0,22,11,14,0,0,0,0,0,0,0,0,0,7,0,67,0,0,0,0,17,0,24,0,0,0,0,8,50,0,0,0,0,0,82,255,36,42,78,9,6,19,10,2,0,0,0,0,0,27,0,3,0
"Caulobacter",0,26,0,0,0,0,0,0,0,0,0,0,0,99,0,0,0,0,0,0,0,0,23,0,0,0,0,0,0,0,0,0,0,0,0,0,0,0,0,0,0,0,0,8,0,0,0,8,0,0,0,0,0,0,0,0,36,0,0,0,0,0,0,0,5,0,0,0,0,3,0,0,0,0,0,0,0,0,0,0,0,0
"Nitrobacteria",0,0,35,0,0,0,68,0,0,0,0,0,0,0,0,0,0,0,0,0,0,0,80,0,0,16,44,0,0,10,10,29,8,8,0,0,0,0,56,4,0,0,0,0,0,0,0,0,0,0,0,0,0,0,0,0,12,0,16,0,0,22,0,37,0,8,14,24,9,16,0,0,0,0,0,4,5,0,0,33,0,0
"Aurantimonas",0,0,0,0,0,0,0,0,0,0,0,35,158,222,0,0,0,12,0,0,10,0,10,0,42,27,105,14,27,0,5,0,0,0,0,28,0,0,0,15,0,0,0,7,0,0,0,0,0,0,0,71,0,0,0,0,0,18,9,0,0,17,0,7,59,11,0,11,18,0,6,8,0,0,0,0,0,0,0,39,0,0
"Bartonella",0,0,0,0,0,0,0,0,0,0,0,0,0,0,0,0,0,0,0,0,0,0,0,0,0,0,0,0,0,0,0,0,0,0,0,0,0,0,0,0,0,0,0,0,0,0,0,0,0,0,0,0,0,0,0,0,0,0,0,0,0,0,0,0,0,0,0,0,0,0,0,0,9,0,0,0,0,0,0,0,0,0
"Camelimonas",0,0,0,0,0,0,0,0,0,0,0,0,0,0,0,0,0,0,0,0,0,26,42,0,0,0,9,0,0,0,0,0,0,0,0,0,0,0,0,0,0,0,0,0,0,0,0,0,0,0,0,0,0,0,0,0,0,0,0,0,0,0,0,0,0,0,0,0,0,0,0,0,0,0,0,0,0,0,0,0,0,0
"Chelatococcus",7,0,0,0,0,0,0,0,0,0,0,0,0,32,0,0,0,0,0,0,0,0,59,0,0,0,0,0,0,0,0,0,0,0,0,0,0,0,0,0,0,0,0,0,0,0,0,0,0,0,0,0,0,0,0,0,0,0,0,0,0,0,0,0,0,0,0,0,8,0,0,0,0,0,0,0,0,0,0,0,0,0
"Methylocapsa",0,0,0,0,0,0,0,0,0,6,0,0,0,0,0,0,0,0,0,0,0,0,0,0,0,0,0,0,0,0,0,0,0,0,0,0,0,0,0,0,0,0,0,0,0,0,0,0,0,0,0,0,0,0,0,0,0,0,0,0,0,0,0,0,0,0,0,0,0,0,0,0,0,0,0,0,0,0,0,15,0,0
"Salinarimonas",0,67,5,0,0,0,0,0,0,3,0,0,20,15,0,0,0,0,0,0,0,0,0,4,0,0,0,0,0,0,0,0,0,0,0,0,0,0,0,0,0,0,0,0,0,0,0,0,0,0,5,0,0,0,0,0,0,8,0,0,0,0,0,13,99,29,19,36,0,0,0,2,0,2,0,0,0,0,0,0,0,0
"Ochrobactrum",0,45,0,0,0,0,0,0,67,459,0,0,0,0,0,0,0,9,0,0,73,1771,515,1080,0,0,0,0,0,0,7,0,0,16,0,0,0,0,0,0,0,0,0,0,0,0,0,0,0,0,0,0,358,0,0,0,0,21,0,0,11,4,0,374,10,0,37,143,43,0,0,0,0,0,0,0,0,0,0,0,0,0
"Hyphomicrobium",0,0,0,0,0,0,31,0,0,0,0,0,5,0,0,0,0,0,0,0,0,0,0,0,0,0,0,0,0,0,0,0,0,0,0,7,0,0,0,0,0,0,0,0,0,6,0,0,0,0,0,0,0,0,0,0,0,0,0,0,0,2,0,0,0,0,0,0,0,0,0,0,0,0,0,0,0,0,0,0,0,0
"Pedomicrobium",0,0,0,0,0,0,0,0,0,0,0,0,0,0,0,0,0,0,0,0,0,0,0,0,0,0,0,0,0,0,8,0,0,0,0,0,0,0,0,0,0,0,0,0,0,0,0,0,0,0,0,0,0,0,0,0,0,0,0,0,0,0,0,0,0,0,0,0,0,0,0,0,0,0,0,0,0,0,0,0,0,0
"Methylobacterium",0,0,0,0,0,0,0,0,0,53,0,0,0,0,0,0,0,0,0,0,0,0,0,0,0,0,0,0,0,0,0,4,0,0,0,3,0,0,0,0,0,0,0,0,0,0,0,0,0,0,0,0,0,0,0,0,0,0,0,0,0,0,0,0,0,0,0,0,0,0,8,0,0,0,0,0,0,0,0,0,8,0
"Aquamicrobium",0,0,0,0,0,0,0,0,0,8,0,0,0,0,0,0,0,0,0,0,8,0,18,0,0,0,0,0,0,0,0,0,0,0,0,0,0,0,0,0,0,0,0,0,0,0,0,0,0,0,0,0,0,0,0,0,0,0,0,0,0,0,0,8,4,0,0,0,36,9,0,0,0,7,0,0,0,0,0,0,0,0
"Chelativorans",0,0,0,0,0,0,0,0,0,0,0,0,0,0,0,0,0,0,0,0,0,0,21,0,0,0,0,0,0,0,0,0,0,0,0,0,0,0,0,0,0,0,0,0,0,0,0,0,0,0,0,0,0,0,0,0,0,0,0,0,0,0,0,0,0,0,0,0,0,0,0,0,0,0,0,0,0,0,0,0,0,0
"Hoeflea",0,0,0,0,0,0,0,0,0,0,0,0,0,0,0,9,0,0,0,0,0,0,0,0,0,0,0,0,0,0,0,0,0,0,0,0,0,0,0,0,0,0,0,0,0,0,0,0,0,0,0,0,0,0,0,0,0,0,0,0,0,0,0,0,0,0,0,0,0,0,0,0,0,0,0,0,0,0,0,0,0,0
"Thermovum",0,0,0,0,0,0,0,0,0,19,0,0,0,0,0,0,0,0,0,0,19,0,0,0,0,0,0,0,0,0,0,0,0,0,0,0,0,0,0,0,0,0,0,0,0,0,0,0,0,0,0,0,0,0,0,0,0,0,0,0,0,0,0,0,0,0,0,0,0,0,0,0,0,0,0,0,0,0,0,0,0,0
"Amorphomonas",0,0,0,0,0,0,0,0,0,0,0,0,0,0,0,0,0,0,0,0,0,0,0,0,0,0,0,0,0,0,0,0,0,0,0,0,0,0,0,0,0,0,0,0,0,0,0,0,0,0,0,0,0,0,0,0,0,0,0,0,0,0,0,67,26,0,14,18,0,0,0,0,0,0,0,0,0,0,0,0,0,0
"Prosthecomicrobium",0,0,0,0,0,0,0,0,0,0,0,0,0,0,0,0,0,0,0,0,0,0,0,0,0,0,0,0,0,0,0,0,0,0,0,0,0,0,0,0,0,0,0,0,0,0,0,0,0,0,0,0,0,0,0,0,0,0,0,0,0,0,0,0,3,0,0,0,0,0,0,0,0,0,0,0,0,0,0,0,0,0
"Rhizobium",0,6,0,0,0,0,0,0,333,20,0,122,427,504,0,0,0,9,0,26,9,38,0,59,439,838,33,83,2023,0,0,0,8,24,0,0,0,0,0,0,0,7,112,0,1069,0,0,0,28,0,0,0,0,0,0,0,20,124,5,43,0,0,0,449,223,76,82,191,29,0,0,62,0,17,0,0,29,2,12,0,13,0
"Ancylobacter",0,0,0,0,0,0,0,0,0,21,11,0,0,0,0,0,0,0,0,0,0,0,0,10,0,0,0,0,0,0,0,0,0,0,0,0,0,0,0,0,0,0,0,0,0,0,0,0,0,0,0,0,0,0,0,0,0,3,0,0,0,0,0,0,4,0,0,0,0,4,0,0,0,0,0,0,0,0,0,0,0,0
"Starkeya",10,0,0,0,0,0,0,0,0,28,0,0,0,0,0,0,0,11,0,0,0,0,0,0,0,0,0,0,0,0,0,0,0,0,0,0,0,0,0,0,0,0,0,0,0,0,0,0,0,0,0,0,0,0,0,0,0,0,0,0,0,0,0,0,0,0,0,0,0,0,0,0,0,0,0,0,0,0,0,0,0,0
"Xanthobacter",0,0,0,0,0,0,0,0,0,45,0,0,0,0,0,0,0,0,0,0,24,227,130,64,0,0,0,0,0,0,0,0,0,0,0,0,0,0,0,0,0,0,0,0,0,0,0,0,0,0,0,0,0,0,0,0,0,0,0,0,0,0,0,0,0,0,0,0,0,0,0,0,0,0,0,0,0,0,0,0,0,0
"Woodsholea",0,0,0,0,0,0,0,0,0,0,0,0,0,0,0,0,0,0,0,0,0,0,4,0,0,0,0,0,0,0,0,0,0,0,0,0,0,0,0,0,0,0,0,0,0,0,0,0,0,0,0,0,0,0,0,0,0,0,0,0,0,0,0,0,0,0,0,0,0,0,0,0,0,0,0,0,0,0,0,0,0,0
"Albidovulum",76,0,0,0,0,0,0,0,0,207,0,0,0,50,0,0,0,0,0,88,0,53,82,140,0,0,0,107,0,0,38,44,0,0,0,19,0,0,0,20,0,29,0,0,0,0,0,0,0,0,0,0,0,0,0,0,0,0,0,0,0,0,0,0,0,0,0,0,0,0,0,0,0,0,0,0,0,0,0,0,0,0
"Haematobacter",14,0,0,0,0,0,0,0,0,0,0,0,0,0,0,0,0,0,0,0,0,0,0,0,0,0,0,0,0,0,0,0,0,0,0,0,0,0,10,0,0,0,0,0,0,0,0,0,0,0,0,0,0,0,0,0,0,0,0,0,0,0,0,0,0,0,0,0,0,0,0,0,0,0,0,0,0,0,0,0,0,0
"Oceanicella",0,0,0,0,0,0,0,0,0,0,0,0,0,0,0,0,0,0,0,0,0,0,0,0,0,0,0,0,0,0,0,0,0,0,0,0,0,0,0,0,0,0,0,0,0,0,0,0,0,0,0,0,0,0,0,0,0,0,0,0,0,0,0,0,0,0,0,0,0,0,72,0,0,0,0,0,0,0,0,0,0,0
"Oceaniovalibus",0,0,0,0,0,0,0,0,0,0,0,0,39,0,0,0,0,0,0,0,21,0,28,0,0,0,0,0,0,0,0,0,0,0,0,0,0,0,0,0,0,0,0,0,0,0,0,0,0,0,0,0,0,0,0,7,0,0,0,0,0,0,0,0,0,0,0,0,26,52,0,0,0,0,0,0,0,0,0,0,0,0
"Paracoccus",0,0,0,0,0,0,0,0,0,0,13,0,18,0,0,0,0,0,0,0,0,0,0,0,0,54,0,25,0,0,0,0,0,0,0,0,0,0,0,0,0,0,0,0,149,0,0,0,0,0,0,0,0,0,0,0,0,0,0,0,0,0,0,3,33,21,12,15,0,0,0,0,0,0,0,0,0,0,0,0,0,10
"Rhodobacter",0,0,0,0,0,0,0,0,0,0,0,0,0,0,0,0,0,0,0,0,0,0,0,0,0,0,0,0,0,0,0,0,0,0,0,0,0,0,0,0,0,0,0,0,0,0,0,0,0,0,0,0,0,0,0,0,0,0,0,0,8,0,0,0,0,0,0,0,0,0,0,0,0,0,0,0,0,0,0,0,0,0
"Acetobacter",0,0,0,0,0,0,0,0,0,0,0,0,0,0,0,0,0,0,0,0,0,0,0,0,0,0,0,0,0,0,0,0,0,0,0,0,0,0,0,0,0,0,0,0,0,0,0,0,0,0,0,0,0,0,0,0,0,0,0,0,0,0,0,0,0,0,0,0,0,0,0,0,0,0,0,0,50,0,0,0,0,0
"Belnapia",0,0,0,0,0,0,0,0,0,0,0,0,0,0,0,0,0,3,0,0,0,0,21,0,0,0,0,0,0,0,0,8,0,0,0,0,0,0,0,10,22,0,0,0,0,0,0,0,0,0,0,0,0,0,0,0,0,0,0,0,0,0,0,0,0,0,0,0,0,0,0,0,0,0,0,0,0,0,0,0,0,0
"Gluconacetobacter",0,0,0,0,0,0,0,0,0,11,0,0,0,0,0,0,0,0,0,0,16,0,0,0,0,0,0,0,0,0,0,0,31,0,0,0,0,0,0,0,0,0,0,0,0,0,0,0,0,0,0,0,0,0,0,0,0,14,102,0,0,0,0,59,41,7,10,21,0,0,0,52,0,0,0,0,515,0,0,0,0,0
"Rhodovarius",0,0,0,0,0,0,0,0,0,0,0,0,0,0,0,0,0,9,0,0,0,0,0,0,0,0,0,0,0,0,0,0,0,0,0,0,0,0,0,0,0,0,0,0,0,0,0,0,0,0,0,0,0,0,0,0,0,0,0,0,0,0,0,0,0,0,0,0,0,0,0,0,0,0,0,0,0,0,0,0,0,0
"Roseomonas",0,0,0,0,0,0,0,0,0,0,0,0,0,0,0,0,0,12,0,0,0,0,0,0,0,0,0,0,0,0,0,0,0,0,0,0,0,0,0,0,0,0,0,0,0,0,0,0,0,0,0,0,0,0,0,0,0,0,0,0,0,0,0,0,0,0,0,0,7,0,0,0,0,0,0,0,0,0,0,0,0,0
"Saccharibacter",0,0,0,0,0,0,0,0,0,0,0,0,0,0,0,0,0,0,0,0,0,0,0,0,0,0,0,0,0,0,0,0,22,0,0,0,0,0,0,0,0,0,0,0,0,0,0,0,0,0,0,0,0,0,0,0,0,0,25,0,0,0,0,0,0,0,0,0,0,0,0,79,0,0,0,0,0,0,0,0,0,0
"Azospirillum",0,0,0,0,0,0,0,0,0,10,0,0,0,0,0,0,0,0,0,0,0,0,0,0,0,0,0,0,0,0,0,0,0,0,0,0,0,0,0,0,0,0,0,0,0,0,0,0,0,0,0,0,0,0,0,0,0,0,0,0,0,0,0,0,0,0,0,0,0,0,0,0,0,0,0,0,0,0,0,0,0,0
"Dongia",0,0,0,0,0,0,0,0,0,0,0,0,0,0,0,0,0,0,0,105,0,0,0,0,0,0,5,0,0,0,0,0,0,0,0,0,0,0,0,0,0,0,0,0,0,0,0,0,0,0,0,0,0,0,0,0,0,0,0,0,0,0,0,0,0,0,0,0,14,0,0,0,0,0,0,0,0,0,0,0,0,0
"Elstera",0,6,0,0,0,0,0,0,0,0,0,0,0,0,0,0,0,0,0,0,0,0,0,0,0,0,0,0,0,0,0,0,0,0,0,0,0,0,0,0,0,0,0,0,0,0,0,0,0,0,0,0,0,0,0,0,0,0,0,0,0,0,0,0,0,0,0,0,0,0,0,0,0,0,0,0,0,0,0,0,0,11
"Novispirillum",0,0,0,0,0,0,0,0,0,16,0,0,0,0,0,0,0,0,0,0,0,0,0,0,0,0,0,0,0,0,0,0,0,0,0,0,0,0,0,0,0,0,0,0,0,0,0,0,0,0,0,0,0,0,0,0,0,0,0,0,0,0,0,0,0,0,0,0,0,0,0,0,0,0,0,0,0,0,0,0,0,0
"Oceanibaculum",0,0,0,0,0,0,0,0,0,0,0,0,0,0,0,0,0,0,0,0,0,0,0,0,0,0,0,0,0,0,0,0,0,0,0,0,0,0,0,0,0,0,0,0,0,0,0,0,0,0,0,0,0,0,0,0,0,0,0,0,0,0,0,61,16,0,2,31,0,0,0,0,0,0,0,0,0,0,0,0,0,0
"Phaeospirillum",0,0,0,0,0,0,0,0,0,0,0,0,0,0,0,0,0,0,0,0,3,0,0,0,0,0,0,0,0,0,0,0,0,0,0,0,0,0,0,0,0,0,0,0,0,0,0,0,0,0,0,0,0,0,0,0,0,0,0,0,0,0,0,0,0,0,0,0,0,0,0,0,0,0,0,0,0,0,0,0,0,0
"Reyranella",0,0,0,0,0,0,0,0,0,0,0,0,0,0,0,0,0,38,0,0,0,0,0,0,0,0,0,0,0,0,0,0,0,0,0,0,0,0,0,0,0,0,0,0,0,0,0,0,0,0,0,0,0,0,0,0,0,0,0,0,0,0,0,0,0,0,0,0,0,0,0,0,0,0,0,0,0,0,0,0,0,0
"Stella",0,49,0,0,0,0,0,0,0,0,0,0,0,0,0,0,0,0,0,0,0,0,0,0,0,0,0,0,0,0,0,0,0,0,0,0,0,0,0,0,0,0,0,0,0,0,0,0,0,0,0,0,0,0,0,0,0,0,0,0,0,0,0,0,0,0,0,0,0,0,0,0,0,0,0,0,0,0,0,0,0,0
"Anaplasma",0,0,0,0,0,0,0,0,0,0,0,0,0,0,0,0,0,0,0,0,0,0,0,0,0,0,0,0,0,0,0,0,0,0,0,28,0,0,0,0,0,0,0,0,0,0,0,0,0,0,0,0,0,0,0,0,0,0,0,0,0,0,0,0,0,0,0,0,0,0,0,0,0,0,0,0,0,0,0,0,0,0
"Ehrlichia",0,0,0,0,0,0,0,0,0,0,0,0,0,0,0,0,0,0,0,0,0,0,0,0,0,0,0,0,0,0,0,0,0,0,0,0,0,34,0,0,0,0,0,0,0,0,0,0,0,0,0,7,0,0,0,0,0,0,0,0,0,0,0,0,0,0,0,0,0,0,0,0,0,0,0,0,0,0,0,0,0,0
"Malus",0,0,0,0,0,0,0,0,0,0,0,0,0,0,0,0,0,0,0,0,0,0,0,0,0,0,0,0,0,0,0,0,0,0,0,0,0,0,0,0,0,0,0,0,0,0,0,0,0,0,0,0,0,0,0,0,0,0,0,0,0,0,0,0,0,0,0,0,0,0,0,9,0,0,0,0,0,0,0,0,0,0
"Rickettsia",0,0,0,0,0,0,0,0,0,0,0,0,0,0,0,0,0,0,0,0,0,4,0,0,0,0,0,0,0,0,0,0,0,0,0,0,0,0,0,0,0,0,0,0,0,0,0,0,0,0,0,0,0,0,0,0,0,0,0,0,0,0,0,0,0,0,0,0,0,0,0,0,0,0,0,0,0,0,0,0,0,0
"Altererythrobacter",0,0,0,0,0,0,0,0,0,7,0,0,0,0,0,0,3,0,0,0,0,0,0,0,0,0,0,0,0,0,0,0,0,0,0,0,0,0,17,0,0,0,7,0,0,0,0,0,0,0,0,0,0,0,0,0,0,0,3,0,39,0,0,0,0,0,0,0,0,0,0,0,0,0,0,0,0,0,0,0,0,0
"Erythrobacter",0,0,0,0,83,0,0,0,0,0,0,0,0,0,0,0,0,0,0,0,0,0,0,0,0,0,0,0,0,0,12,0,0,0,0,0,0,0,0,0,0,0,0,0,0,0,0,0,0,0,0,0,0,0,0,0,0,0,0,0,0,0,0,0,0,0,0,0,0,0,0,0,0,0,0,0,0,0,0,0,0,0
"Porphyrobacter",4,0,0,0,0,0,0,0,0,64,0,0,0,57,0,22,0,0,0,168,13,104,34,60,0,0,0,8,0,0,0,21,0,0,0,0,0,0,0,0,50,0,0,0,0,0,0,0,0,0,0,0,3,0,0,0,14,0,0,10,0,0,0,0,0,0,0,0,0,0,0,0,0,0,0,0,0,5,9,0,0,0
"Novosphingobium",100,54,0,33,0,0,25,0,0,9,5,11,39,18,0,0,0,91,0,84,17,45,9,82,52,160,73,41,0,32,52,380,11,14,145,684,179,10,197,55,0,0,10,5,4,0,25,460,27,0,8,12,6,33,0,41,257,0,0,0,0,0,148,0,10,7,12,10,0,7,0,4,0,5,0,12,8,63,5946,19,283,0
"Sandaracinobacter",0,0,0,0,0,0,0,0,0,0,0,0,0,0,0,0,0,0,0,0,22,0,0,0,0,0,0,0,0,0,0,0,0,0,0,0,0,0,0,0,0,0,0,0,0,0,0,0,0,0,0,0,0,0,0,0,0,0,0,0,0,0,0,0,0,0,0,0,0,0,0,0,0,0,0,0,0,0,0,0,0,0
"Sandarakinorhabdus",0,0,0,0,0,0,0,0,0,0,0,0,0,0,0,0,0,0,0,0,0,0,14,0,0,0,0,0,0,0,0,0,0,0,0,0,0,0,0,0,0,0,0,0,0,0,0,0,0,0,0,0,0,0,0,0,0,0,0,0,0,0,0,0,0,0,0,0,0,0,0,0,0,0,0,0,0,0,0,0,0,0
"Sphingobium",24,12,0,44,0,0,0,0,0,23,0,30,0,56,55,0,0,0,0,0,0,0,99,44,155,757,463,185,56,0,14,20,0,9,0,0,0,0,16,189,0,0,18,0,112,10,0,0,3,0,0,10,14,0,0,13,0,0,0,0,10,5,0,0,0,0,0,0,0,0,0,0,0,0,0,0,0,20,882,7,10,0
"Sphingomonas",15,11,0,0,0,0,5,0,0,87,15,11,10,100,0,0,0,7,0,49,24,0,23,0,35,38,16,56,10,0,0,0,29,9,0,0,0,0,0,0,0,0,0,0,0,0,14,0,0,0,44,58,0,0,0,0,0,37,0,0,76,7,4,0,0,0,0,0,8,7,54,0,0,0,0,4,0,0,64,11,11,0
"Sphingosinicella",0,0,0,0,0,0,0,0,0,0,0,0,14,0,0,0,0,0,0,26,0,0,0,0,0,0,0,0,0,0,0,0,0,0,0,0,0,0,0,0,0,0,0,0,0,0,0,0,0,0,0,0,0,0,0,0,0,0,0,0,0,0,0,0,0,0,0,0,0,0,0,0,0,0,0,0,0,0,0,0,0,0
"Advenella",0,0,0,0,0,0,0,0,0,0,0,0,0,0,0,0,0,0,0,0,0,0,0,0,0,0,0,0,0,0,0,0,0,0,0,0,0,0,0,0,0,0,0,0,0,0,0,0,0,0,0,0,0,0,0,0,0,0,41,0,51,87,0,0,0,0,0,0,3,0,0,0,0,0,0,0,0,0,0,0,0,0
"Bordetella",0,36,0,0,0,0,0,0,4,140,0,0,0,0,0,0,0,0,0,306,57,2966,637,641,0,0,0,0,0,0,0,0,0,31,0,0,0,0,0,0,0,0,0,0,0,0,0,0,0,0,0,0,274,0,0,0,0,0,0,0,5,0,0,12,9,0,0,13,3,0,0,0,0,0,0,0,0,0,0,0,0,0
"Brackiella",0,0,0,0,0,0,0,0,0,0,0,0,0,0,0,0,0,0,0,0,0,9,0,0,0,0,0,0,0,0,0,0,0,0,0,0,0,0,0,0,0,0,0,12,6,0,0,0,0,0,0,0,0,0,0,0,0,0,19,0,0,4,0,0,0,0,0,0,0,0,0,0,0,0,0,0,0,0,0,0,0,0
"Kerstersia",0,0,0,0,0,0,0,0,0,33,0,0,0,0,0,0,0,0,0,25,0,960,32,370,0,0,0,0,0,0,0,0,0,0,0,0,0,0,0,0,0,0,0,0,0,0,0,0,0,0,0,0,0,0,0,0,0,0,0,0,0,7,0,0,0,0,0,0,0,0,0,0,0,0,0,0,0,0,0,0,0,0
"Oligella",0,0,0,0,0,0,0,0,0,0,0,0,0,0,0,0,0,0,0,0,0,0,0,0,0,0,0,0,0,0,0,0,0,0,0,0,0,0,0,0,0,0,18,20,14,0,0,28,0,0,0,0,0,0,0,0,25,15,3,0,8,16,9,0,0,0,0,0,17,0,0,0,26,36,0,28,8,5,0,26,0,3
"Paralcaligenes",0,0,0,0,0,0,0,0,0,0,0,0,0,0,0,0,8,0,0,0,0,0,0,0,0,0,0,0,0,0,0,0,0,0,0,0,0,0,0,0,0,0,0,0,0,0,0,0,0,0,0,0,0,0,0,0,0,0,0,0,0,0,0,0,0,0,0,0,0,0,0,0,0,0,0,0,0,0,0,0,0,0
"Pusillimonas",0,0,0,0,0,0,0,0,0,10,0,0,0,0,0,41,0,0,0,0,0,0,19,0,0,0,0,0,0,4,0,25,0,0,0,43,0,0,0,0,0,0,0,0,0,0,0,0,0,0,0,0,0,0,0,0,0,0,12,0,0,6,0,0,0,0,0,0,0,0,0,0,0,0,0,0,0,0,0,0,7,0
"Acidovorax",0,0,0,0,0,0,0,0,0,0,0,0,0,0,0,0,0,0,0,0,0,0,0,0,10,0,0,25,26,0,0,0,0,0,0,0,0,0,0,0,0,0,11,0,80,0,0,0,0,0,0,0,0,0,0,0,0,0,0,0,0,0,0,0,0,0,0,0,0,0,0,0,0,0,0,0,0,0,0,0,0,0
"Brachymonas",0,0,0,0,0,0,0,0,0,0,0,0,0,0,0,0,0,0,0,0,0,0,0,0,0,0,0,22,0,0,0,0,0,0,0,0,0,0,0,0,0,0,0,0,0,0,0,0,0,0,0,0,0,0,0,0,0,0,0,0,0,0,0,0,0,0,0,0,0,0,0,0,0,0,0,0,0,0,0,0,0,0
"Caldimonas",0,0,3,0,0,0,0,0,0,287,0,0,0,0,0,0,0,23,0,0,0,0,73,7,0,264,152,0,0,0,11,71,0,0,0,0,0,0,8,0,0,0,0,0,0,6,0,89,0,0,29,24,29,0,44,0,19,0,0,0,53,0,0,0,10,0,0,0,0,0,0,0,9,0,14,10,0,0,0,19,4,9
"Inhella",0,0,0,0,0,0,0,0,0,0,0,0,0,0,0,0,0,0,0,0,0,0,0,0,8,0,0,0,0,0,0,0,0,0,0,0,0,0,0,0,0,0,0,0,0,0,0,0,0,0,0,0,0,0,0,0,0,0,0,0,0,0,0,0,0,0,0,0,0,0,0,0,0,0,0,0,0,0,0,0,0,0
"Pelomonas",0,0,0,11,0,0,0,0,0,0,0,0,0,0,0,0,0,0,0,0,0,0,0,0,47,62,121,151,0,0,0,0,0,0,0,0,0,0,0,0,0,0,0,0,0,0,0,0,0,0,0,0,0,0,0,0,0,0,0,0,0,0,0,0,0,0,0,0,0,0,0,0,0,0,0,0,0,0,0,0,0,0
"Pseudorhodoferax",0,0,0,0,0,0,0,0,0,0,0,0,0,0,0,0,0,0,0,0,16,0,0,0,0,0,0,0,0,0,0,0,0,0,0,0,0,0,0,0,0,0,0,0,0,0,0,0,0,0,0,0,0,0,0,0,0,0,0,0,0,0,0,0,0,0,0,0,0,0,0,0,0,0,0,0,0,0,0,0,0,0
"Roseateles",0,0,0,0,0,0,0,0,0,0,0,0,0,0,0,0,0,0,0,0,0,0,0,0,0,0,0,0,0,0,0,0,0,0,0,0,0,0,0,0,0,0,0,0,57,0,0,0,0,0,0,0,0,0,0,0,0,0,0,0,0,0,0,0,0,0,0,0,0,0,0,0,0,0,0,0,0,0,0,0,0,0
"Sphaerotilus",0,0,0,0,0,0,0,0,0,0,0,0,0,0,0,0,0,0,0,0,0,0,0,0,0,0,41,57,0,0,0,0,0,0,0,0,0,0,0,0,0,0,0,0,0,0,0,0,0,0,0,0,0,0,0,0,0,0,0,0,0,0,0,0,0,0,0,0,0,0,0,0,0,0,0,0,0,0,0,0,0,0
"Bacteria_Proteobacteria_Betaproteobacteria_Burkholderiales_Comamonadaceae_Vitreoscilla",0,0,0,0,0,0,0,0,0,0,0,0,0,0,0,0,0,0,0,0,0,0,0,0,56,13,6,34,0,0,0,0,0,0,0,0,0,0,0,0,0,0,0,0,0,0,0,0,0,0,0,0,0,0,0,0,0,0,0,0,0,0,0,0,0,0,0,0,0,0,0,0,0,0,0,0,0,0,0,0,0,0
"Herbaspirillum",0,0,0,0,0,0,0,0,0,0,0,0,0,0,0,0,0,0,0,0,0,0,0,0,0,0,0,0,0,0,11,0,0,0,0,0,0,0,0,0,0,0,0,0,0,0,9,0,0,0,0,48,0,0,0,0,0,0,0,0,0,0,0,0,0,0,0,0,0,0,0,0,0,0,0,0,9,0,0,0,0,0
"Massilia",0,0,0,0,0,0,29,0,0,11,5,31,0,0,0,0,0,0,0,0,0,0,0,0,0,0,5,0,0,0,0,11,15,0,0,15,0,0,0,0,0,0,5,0,18,0,0,0,0,0,0,0,10,0,0,0,0,0,34,0,0,0,0,0,0,0,0,0,0,0,0,0,0,0,39,0,14,0,0,26,13,0
"Naxibacter",0,0,0,0,0,0,0,0,0,0,0,0,0,56,0,0,0,0,0,0,0,0,0,0,9,0,0,0,0,0,11,0,0,0,0,0,0,0,0,0,0,0,0,0,0,0,0,0,0,0,0,0,0,0,0,0,0,0,0,0,0,0,0,0,0,0,0,0,0,0,0,0,0,0,0,0,0,0,0,0,0,0
"Methylotenera",0,0,0,0,0,0,0,0,0,0,0,0,0,0,0,0,0,0,0,0,0,0,0,0,72,68,224,185,0,0,0,0,0,0,0,0,0,0,0,4,0,0,0,0,0,0,0,0,0,0,0,0,0,0,0,0,0,0,0,0,0,0,0,0,0,0,0,0,0,0,0,0,0,0,0,0,0,0,0,0,0,0
"Methylovorus",0,0,0,0,0,0,0,0,0,0,0,0,0,0,0,0,0,0,0,0,0,0,0,0,0,5,0,0,0,0,0,0,0,0,0,0,0,0,0,0,0,0,0,0,0,0,0,0,0,0,0,0,0,0,0,0,0,0,0,0,0,0,0,0,0,0,0,0,0,0,0,0,0,0,0,0,0,0,0,0,0,0
"Alysiella",0,0,0,0,0,0,0,0,0,53,0,0,0,0,0,288,7,0,0,17,0,0,0,51,0,17,0,11,0,0,0,0,0,0,0,0,0,0,0,0,0,0,0,0,0,0,0,0,0,0,0,9,0,0,0,0,0,0,0,0,0,0,0,0,0,0,0,0,0,0,0,0,0,0,0,0,0,0,0,0,0,0
"Aquaspirillum",0,0,0,0,0,0,0,0,0,0,0,0,0,0,0,0,0,0,0,0,0,0,0,0,0,0,9,150,0,0,0,0,0,0,0,0,0,0,0,0,0,0,0,0,0,0,0,0,0,0,0,0,0,0,0,0,0,0,0,0,0,0,0,0,0,0,0,0,0,0,0,0,0,0,0,0,0,0,0,0,0,0
"Aquitalea",0,0,0,0,0,0,0,0,0,0,0,0,0,0,0,0,0,0,0,0,0,0,0,0,0,0,0,0,0,0,0,0,0,0,0,0,0,0,0,13,0,0,0,0,0,0,0,0,0,0,0,0,0,0,0,0,0,0,0,0,0,0,0,0,0,0,0,0,0,0,0,0,0,0,0,0,0,0,0,0,0,0
"Formivibrio",0,0,0,0,0,0,0,0,0,0,0,0,0,0,0,0,0,0,0,0,0,0,0,0,0,3,0,0,0,0,0,0,0,0,0,0,0,0,0,0,0,0,0,0,0,0,0,0,0,0,0,0,0,0,0,0,0,0,0,0,0,0,0,0,0,0,0,0,0,0,0,0,0,0,0,0,0,0,0,0,0,0
"Gulbenkiania",0,0,0,0,0,0,0,0,0,5,7,0,0,0,0,0,0,0,0,0,0,13,18,0,230,152,188,132,33,0,12,7,7,179,0,0,0,0,0,0,0,0,8,0,59,0,0,0,0,0,0,0,0,0,0,0,0,0,0,0,0,0,0,0,5,0,0,0,0,0,0,14,0,0,0,0,0,0,0,0,0,0
"Iodobacter",0,0,0,0,0,0,0,0,0,0,0,0,0,0,0,0,0,0,0,0,0,0,0,0,0,0,0,0,0,0,0,0,0,0,0,0,0,0,0,0,0,0,0,0,0,0,0,0,0,0,0,0,0,0,0,0,0,0,0,0,0,0,0,0,0,0,0,0,0,0,0,0,0,0,0,0,6,0,0,0,0,0
"Kingella",0,0,0,0,0,0,0,0,0,0,0,0,0,0,0,0,0,0,0,0,0,0,0,0,0,16,7,0,0,0,0,0,0,0,0,0,0,0,0,0,0,0,0,0,0,0,0,0,0,0,0,0,0,0,0,0,0,0,0,0,0,0,0,0,0,0,0,0,0,0,0,0,0,0,0,0,0,0,0,0,0,0
"Neisseria",0,0,0,0,0,0,0,0,0,0,0,0,0,0,0,0,0,0,0,0,0,0,0,0,0,0,0,0,0,0,0,0,0,0,0,0,0,0,0,0,0,0,0,0,12,0,0,0,0,0,0,0,0,0,0,0,0,0,0,0,0,0,0,0,0,0,0,0,0,0,0,0,0,0,0,0,0,0,0,0,0,0
"Pseudogulbenkiania",0,0,0,0,0,0,0,0,0,0,0,0,0,0,0,0,0,0,0,0,0,0,0,0,0,0,0,0,0,0,0,0,0,0,0,0,0,0,0,0,0,0,0,0,0,0,0,0,0,0,0,0,0,0,0,0,0,0,0,0,0,0,0,16,3,7,0,0,0,0,0,0,0,0,0,0,0,0,0,0,0,0
"Snodgrassella",0,0,0,0,0,0,0,0,0,0,0,0,0,0,0,0,0,0,0,0,0,0,0,0,0,0,0,0,0,0,0,0,82,162,0,0,0,0,0,0,0,0,0,0,0,0,0,0,0,0,0,0,0,0,0,0,0,39,385,0,0,0,0,281,276,82,109,132,0,0,0,277,0,0,0,0,115,0,0,0,0,0
"Bacteria_Proteobacteria_Betaproteobacteria_Neisseriales_Neisseriaceae_Vitreoscilla",0,0,0,0,0,0,0,0,0,40,0,0,0,0,0,0,0,0,14,0,0,0,0,0,0,0,0,0,0,0,0,0,0,0,0,0,0,0,0,0,0,0,0,0,0,0,0,0,0,0,0,0,0,0,0,0,0,0,0,0,0,19,0,0,0,0,0,0,0,0,0,0,15,0,0,9,86,0,0,0,0,0
"Nitrosomonas",0,0,0,0,0,0,0,0,0,0,0,0,0,0,0,0,0,0,0,0,0,0,0,0,0,0,0,0,0,0,0,0,0,0,0,0,0,0,0,0,0,0,0,0,0,0,0,0,0,0,0,0,0,0,0,0,0,0,0,0,0,0,0,0,0,0,0,0,0,0,0,0,0,0,0,6,0,0,0,0,0,0
"Nitrosospira",0,0,0,0,0,0,0,0,0,0,0,0,0,0,0,0,0,0,0,0,0,0,0,0,0,0,0,2,0,0,0,0,0,0,0,0,0,0,0,0,0,0,0,0,0,0,0,0,0,0,0,0,0,0,0,0,0,0,0,0,0,0,0,0,0,0,0,0,0,0,0,0,0,0,0,0,0,0,0,0,0,0
"Azoarcus",0,0,0,0,0,0,0,0,0,0,0,0,0,0,0,0,0,0,0,0,0,0,0,0,0,0,0,0,0,0,0,0,0,0,0,0,0,0,0,0,0,0,0,0,0,0,0,0,0,0,0,0,0,0,0,0,0,0,4,0,0,0,0,0,0,0,0,0,0,0,0,0,0,9,0,5,0,0,0,0,0,0
"Azospira",0,0,0,0,0,0,0,0,0,0,0,0,0,0,0,0,0,0,0,0,0,0,0,0,0,0,22,31,0,0,16,0,0,0,9,0,0,0,39,0,0,0,0,0,0,0,0,0,0,0,0,0,0,0,0,0,0,0,0,0,0,0,0,0,0,0,0,0,0,0,0,0,0,0,0,0,0,0,0,0,0,0
"Denitromonas",0,0,0,0,0,0,16,0,0,0,0,0,53,0,23,0,0,18,0,0,6,0,0,0,16,0,0,0,0,0,0,0,0,0,0,0,0,0,0,0,66,0,0,0,12,14,0,56,0,0,48,0,0,0,0,0,0,0,0,0,0,8,0,0,0,0,0,0,4,0,0,0,2,0,0,0,0,0,0,13,0,0
"Georgfuchsia",0,0,0,0,0,0,0,0,0,0,0,0,0,0,0,0,0,0,0,0,0,0,0,0,16,0,0,0,0,0,0,0,0,0,0,0,0,0,0,0,0,0,0,0,0,0,0,0,0,0,0,0,0,0,0,0,0,0,0,0,0,0,0,0,0,0,0,0,0,0,0,0,0,0,0,0,0,0,0,0,0,0
"Peredibacter",0,0,0,0,0,0,0,0,0,33,0,0,0,0,0,0,0,0,0,0,0,0,0,0,10,0,0,0,0,0,0,0,11,0,0,0,0,0,0,0,0,0,0,0,46,0,0,0,0,0,0,0,0,0,0,0,0,3,0,0,0,4,0,269,91,7,12,54,0,0,0,0,0,0,0,0,0,0,0,0,0,0
"Bdellovibrio",0,0,0,0,0,0,0,0,0,0,0,0,38,46,0,0,0,0,0,0,0,0,0,19,0,0,0,0,0,0,0,0,10,0,0,0,0,0,0,0,0,0,0,0,27,0,0,0,0,0,0,0,0,0,0,0,0,7,0,6,0,0,0,1585,145,27,35,147,0,0,0,0,0,0,0,0,0,0,0,0,0,0
"Desulfobulbus",0,0,0,0,8,0,0,3,0,0,0,0,0,0,0,0,0,0,0,0,0,0,0,0,0,0,0,0,0,0,0,0,0,0,0,0,0,0,17,8,0,0,16,0,0,0,0,0,0,0,0,0,0,0,0,0,0,0,11,0,0,17,0,0,0,0,0,0,0,0,0,0,0,0,0,0,0,2,0,0,0,0
"Desulfomicrobium",0,0,0,0,0,0,0,0,0,0,0,0,0,0,0,0,0,0,0,0,0,0,0,0,0,0,0,0,0,0,0,0,0,0,0,0,0,0,0,0,0,0,0,0,0,0,0,0,0,0,0,0,0,0,0,0,0,72,0,0,0,0,0,0,0,0,0,0,0,0,0,0,0,0,0,0,0,0,0,0,0,0
"Desulfovibrio",42,0,0,11,0,0,77,0,0,0,0,0,0,0,0,0,0,0,0,0,0,6,3,20,4,0,4,15,0,12,0,0,0,0,0,0,0,0,0,0,0,0,76,0,0,0,0,0,30,11,0,0,0,168,117,0,0,376,11,0,185,12,9,0,0,0,0,0,18,16,0,0,9,0,0,6,0,7,0,26,9,0
"Nannocystis",0,0,0,0,0,0,0,0,0,0,0,0,0,0,0,0,0,0,0,0,0,0,0,0,5,0,0,0,0,0,0,0,0,0,0,0,0,0,0,0,0,0,0,0,0,0,0,0,0,0,0,0,0,0,0,0,0,0,0,0,0,0,0,0,0,0,0,0,0,0,0,0,0,0,0,0,0,0,0,0,0,0
"Polyangium",0,0,0,0,0,0,0,0,0,0,0,0,0,0,0,0,0,0,0,8,0,0,0,0,0,0,0,0,0,0,0,0,0,0,0,0,0,0,0,5,0,0,0,0,0,0,0,0,0,0,0,0,0,0,0,0,0,0,0,0,0,0,0,0,0,0,0,0,0,0,17,0,0,0,0,0,0,0,0,0,0,0
"Desulfovirga",0,0,0,0,0,0,0,0,0,0,0,0,0,0,0,0,0,0,0,0,0,0,0,0,0,0,0,0,0,0,0,0,0,0,0,0,0,0,3,0,0,0,0,0,0,0,0,0,0,0,0,0,0,0,0,0,0,0,0,0,0,0,0,0,0,0,0,0,0,0,0,0,0,0,0,0,0,0,0,0,0,0
"Arcobacter",45,0,0,0,95,0,48,10,10,0,0,0,0,0,0,0,0,0,0,0,0,0,5,0,0,0,0,0,0,0,0,23,0,0,13,0,0,0,0,0,0,0,0,0,0,0,0,0,0,0,0,0,0,0,0,0,0,0,47,0,230,101,0,49,0,0,0,12,14,0,0,0,0,0,0,0,36,5,0,0,8,9
"Campylobacter",22,4,0,3,10,0,0,7,0,0,0,0,0,0,0,0,0,0,0,0,0,0,0,0,0,0,0,0,0,79,4,5,0,0,0,0,0,0,0,8,0,9,107,6,21,0,0,0,0,0,0,0,0,0,0,0,4,0,25,0,137,97,5,0,0,0,0,0,26,0,0,2,7,12,0,0,0,0,0,0,14,6
"Sulfurospirillum",0,0,0,0,0,0,0,0,0,0,0,0,0,0,0,0,0,0,0,0,0,0,0,0,18,16,12,23,0,0,0,0,0,0,0,0,0,0,0,0,0,0,0,0,0,0,0,0,0,0,0,0,0,0,0,0,0,0,0,0,0,0,0,0,0,0,0,0,0,0,0,0,0,0,0,0,4,0,0,0,0,0
"Helicobacter",0,0,0,0,0,0,0,0,0,0,0,0,0,0,0,0,0,0,0,0,0,0,0,0,109,944,671,1303,15,0,0,0,0,0,0,0,0,0,0,0,0,0,0,0,0,0,0,0,0,0,0,0,0,0,0,0,0,584,0,0,0,0,0,0,0,0,0,0,0,0,0,0,0,0,0,0,0,0,0,0,0,0
"Aeromonas",0,0,0,5,0,7,0,0,281,41,898,0,0,0,0,0,882,0,0,0,0,8,0,3,452,52,121,48,13,0,0,0,8,78,0,0,0,0,0,18,0,0,0,0,0,0,0,0,0,0,0,0,160,23,0,0,0,0,0,0,0,0,0,0,0,5,0,0,0,0,0,64,0,0,0,0,72,0,0,0,0,0
"Zobellella",0,0,0,0,0,0,0,0,0,0,0,0,0,0,0,0,0,0,0,0,0,0,0,0,0,8,0,0,0,0,0,0,0,0,0,0,0,0,0,0,0,0,0,0,0,0,0,0,0,0,0,0,0,0,0,0,0,0,0,0,0,0,0,0,0,0,0,0,0,0,0,0,0,0,0,0,0,0,0,0,0,0
"Anaerobiospirillum",513,20,22,95,84,0,12,0,0,0,0,0,0,0,0,0,0,0,0,0,0,0,0,0,0,0,0,0,0,149,4,0,0,0,0,0,0,0,0,0,0,0,0,0,0,0,0,0,0,0,0,0,0,0,0,0,13,0,16,44,203,77,66,0,0,3,0,0,0,0,0,0,79,59,6,36,5,21,18,88,0,61
"Ruminobacter",92,0,0,0,0,0,0,0,0,0,0,0,0,0,0,0,0,0,0,0,0,0,0,0,0,0,0,0,0,0,0,0,0,0,0,0,0,0,0,0,0,0,0,0,0,0,0,0,0,0,0,0,0,0,0,0,0,0,0,0,0,0,0,0,0,0,0,0,0,0,0,0,0,0,43,0,0,7,0,13,0,16
"Succinivibrio",132,29,0,0,0,0,0,0,0,0,0,0,0,0,0,0,0,0,0,0,0,0,0,0,0,0,0,0,0,0,0,0,0,0,0,0,0,0,0,0,0,0,0,0,0,0,0,0,0,0,0,0,0,89,0,0,0,65,0,189,308,0,393,0,0,0,0,0,0,0,0,0,91,75,18,57,0,11,0,0,10,28
"Rheinheimera",7,16,0,0,0,0,0,0,0,0,655,17,0,22,0,0,84,0,0,0,0,0,0,12,390,194,460,320,238,7,0,0,0,0,0,0,0,0,45,0,0,0,50,0,59,0,0,0,0,0,0,0,0,0,0,0,13,7,0,0,0,0,0,0,0,0,0,0,11,22,0,0,6,0,0,7,0,0,0,0,0,0
"Aliagarivorans",0,0,0,0,0,0,0,0,0,0,0,0,0,0,0,0,0,0,0,0,7,0,0,0,0,0,0,0,0,0,0,0,0,0,0,0,0,0,0,0,0,0,0,0,0,0,0,0,0,0,0,0,0,0,0,0,0,0,26,0,0,0,0,0,0,0,0,0,0,0,0,0,0,0,0,0,0,0,0,0,0,0
"Cellvibrio",0,0,0,0,0,0,0,0,0,0,0,0,0,0,0,0,0,0,0,0,0,0,0,13,0,0,0,0,0,0,0,0,0,0,0,0,0,0,0,0,0,0,0,0,0,0,0,0,0,0,0,0,0,0,0,0,0,0,0,0,0,0,0,0,0,0,0,0,0,0,0,0,0,0,0,0,0,0,0,0,0,0
"Gilvimarinus",0,0,0,0,0,0,0,0,0,0,0,0,0,0,0,0,0,0,0,0,0,0,0,0,0,0,0,0,0,0,0,0,0,0,0,15,0,0,0,0,0,0,0,0,0,0,0,0,0,0,0,0,0,0,0,0,0,0,0,0,0,0,0,0,0,0,0,0,0,0,0,0,0,0,0,0,0,0,0,0,0,0
"Thalassomonas",5,0,0,0,0,0,0,0,0,9,0,0,0,0,0,0,0,0,0,0,0,0,0,0,0,43,0,0,0,0,0,0,0,0,0,0,0,0,0,0,0,0,0,0,0,0,0,0,0,0,0,0,0,0,0,0,0,0,0,0,0,0,0,0,0,0,0,0,0,0,0,0,0,6,0,0,0,0,0,0,0,0
"Spongiibacter",0,0,0,0,0,0,0,0,0,0,0,0,0,0,0,0,0,0,0,0,0,0,0,0,0,0,0,0,0,0,0,0,0,0,0,0,0,0,0,0,0,0,0,0,0,0,0,0,0,0,0,0,0,0,0,0,0,0,0,0,0,0,0,0,0,0,0,0,7,0,0,0,0,0,0,0,0,0,0,0,0,0
"Thioalkalivibrio",0,0,0,10,0,0,0,0,0,0,0,0,0,0,0,0,0,0,0,0,7,0,14,0,0,0,0,0,0,0,0,0,0,0,0,0,0,0,0,0,0,0,0,0,0,0,0,0,0,0,0,0,0,0,0,0,0,0,0,0,0,0,0,0,0,0,0,0,0,0,0,0,0,0,0,0,0,0,0,0,0,0
"Cedecea",0,0,0,0,0,0,0,0,0,0,0,0,0,0,0,0,0,0,0,0,0,0,0,0,0,0,0,0,0,0,0,0,0,0,0,0,0,0,0,0,0,0,0,0,0,0,0,0,0,0,0,0,0,0,90,0,0,0,16,0,0,0,0,0,0,0,0,0,0,0,0,0,0,0,0,0,0,0,0,0,0,0
"Enterobacter",0,0,0,0,0,0,0,0,0,0,0,0,0,0,75,0,0,0,0,0,0,0,0,0,0,0,0,0,0,0,0,0,0,0,0,0,0,0,0,0,0,0,0,0,0,0,0,0,0,0,0,0,0,0,0,0,0,0,0,0,0,0,0,0,0,0,0,0,0,0,0,0,0,0,0,0,0,0,0,0,0,0
"Escherichia",0,0,0,0,0,0,0,0,0,0,0,0,0,0,0,0,0,0,0,0,0,0,0,0,0,0,0,0,0,0,0,0,0,0,0,0,0,0,0,0,0,0,0,0,0,0,0,0,0,0,0,0,0,0,11,0,0,0,0,0,0,0,0,0,0,0,0,0,0,76,23,0,0,0,0,0,0,61,0,0,0,0
"Moellerella",0,0,0,0,0,0,0,0,0,0,0,0,0,0,0,0,0,0,0,0,0,20,0,0,0,0,0,0,0,0,0,0,0,0,0,0,0,0,0,0,0,0,0,0,0,0,0,0,0,0,0,0,0,0,0,0,0,0,0,0,0,0,0,0,0,0,0,0,0,0,0,0,0,0,0,0,0,0,0,0,0,0
"Pantoea",0,0,0,0,0,0,0,0,0,0,0,0,0,0,0,0,0,0,0,0,0,0,0,0,0,0,0,0,0,0,35,0,0,57,0,0,0,0,0,0,0,0,0,0,0,0,0,0,0,0,0,0,485,0,0,0,0,0,0,0,35,11,0,0,11,0,0,0,23,0,0,0,0,0,0,0,0,0,0,0,0,0
"Proteus",0,0,0,0,0,0,0,0,0,8,0,0,0,0,0,0,0,0,0,0,0,198,18,31,0,0,0,0,10,0,0,0,0,0,0,0,0,0,0,0,0,0,0,0,0,0,0,0,0,0,0,0,0,0,0,0,0,29,0,0,0,0,0,0,0,0,0,0,0,0,0,0,0,0,0,0,0,0,0,0,0,0
"Bacteria_Proteobacteria_Gammaproteobacteria_Enterobacteriales_Enterobacteriaceae_Pseudomonas",0,0,0,0,0,0,0,0,0,0,0,0,0,0,0,0,0,0,0,0,0,0,0,0,0,0,0,0,0,0,0,0,0,0,0,0,0,0,0,0,0,0,0,0,0,0,0,0,0,0,0,0,0,0,0,0,0,0,0,0,0,0,0,0,0,0,0,0,0,0,0,0,0,0,0,0,46,0,0,0,0,0
"Legionella",0,0,0,0,0,0,0,0,0,2,0,0,0,0,0,0,0,0,0,0,0,0,19,0,0,0,0,0,0,0,0,0,0,0,0,0,0,0,0,0,0,0,0,0,0,0,0,0,0,0,0,0,0,0,0,0,0,0,0,0,0,0,0,0,0,0,0,0,0,0,0,0,0,0,0,0,0,0,22,0,0,0
"Methylococcus",0,0,0,0,0,0,0,0,0,0,0,0,0,0,0,0,0,0,0,0,0,0,0,0,10,0,0,0,0,0,0,0,0,0,0,0,0,0,0,0,0,0,0,0,0,0,0,0,0,0,0,0,0,0,0,0,0,0,0,0,0,0,0,0,0,0,0,0,0,0,0,0,0,0,0,0,0,0,0,0,0,0
"Halomonas",0,0,0,0,0,0,0,0,0,13,38,6,0,0,0,0,0,0,0,0,0,0,4,0,0,0,8,0,0,0,0,0,0,0,0,0,0,0,0,5,0,14,54,0,0,0,0,0,27,0,0,0,0,0,0,0,2,0,5,0,3,6,3,0,0,0,0,0,0,0,0,0,0,0,0,0,0,45,0,0,0,0
"Oleiphilus",0,0,0,0,0,0,0,0,0,0,0,0,0,0,0,0,0,0,0,0,0,0,0,0,0,0,0,0,0,0,0,0,0,0,0,0,0,0,0,0,0,0,0,0,0,0,0,0,0,0,0,0,0,0,0,0,0,0,0,0,0,0,0,0,0,0,0,0,0,0,0,0,0,0,0,0,0,0,0,0,17,0
"Actinobacillus",0,0,0,0,0,0,0,0,0,0,0,0,0,0,0,150,0,0,0,0,0,0,0,0,0,0,0,0,0,0,0,0,0,0,0,0,0,0,0,0,0,0,0,0,0,0,0,0,0,0,0,0,0,0,0,0,0,0,0,0,0,0,0,0,0,0,0,0,0,0,0,0,0,0,0,0,0,0,0,0,0,0
"Bibersteinia",0,0,0,0,0,0,0,0,0,51,0,0,0,0,0,36,0,3,0,0,0,20,0,0,0,51,18,24,0,0,0,0,0,0,0,0,0,0,0,0,0,0,0,0,5,0,0,0,0,0,0,0,0,0,0,0,0,0,0,0,0,0,0,0,0,0,0,0,0,0,0,0,0,0,0,0,0,0,0,0,0,0
"Nicoletella",0,0,0,0,0,0,0,0,0,0,0,0,14,4,0,0,9,0,0,0,0,0,0,0,10,0,0,0,0,0,0,0,0,0,0,0,0,0,0,0,0,0,0,0,0,0,0,0,0,0,0,0,0,0,0,0,0,0,0,0,0,0,0,0,0,0,0,0,0,0,0,0,0,0,0,0,5,0,0,0,0,0
"Acinetobacter",56,0,0,1478,0,0,37,0,595,125,457,133,405,2339,18,0,4748,21,0,793,68,99,285,184,1987,3540,6611,734,4875,64,89,56,32,1908,41,16,0,0,0,18,17,0,226,16,4668,0,9,14,32,32,0,34,49,0,21,73,143,14,212,87,173,466,0,1856,370,114,208,317,39,12,0,894,0,18,0,7,481,0,30,29,32,0
"Alkanindiges",7,0,0,0,0,0,0,0,0,0,0,0,86,0,0,32,0,0,0,39,0,4,0,23,32,48,18,18,0,30,0,18,11,199,0,0,0,26,0,0,0,0,0,0,0,0,0,0,0,0,0,0,0,5,0,30,0,0,0,0,12,0,0,5750,194,21,377,594,0,0,0,0,0,0,0,0,266,0,0,0,0,0
"Enhydrobacter",6,0,0,589,23,0,0,0,3771,48,11552,757,1659,2069,0,0,1343,25,205,668,129,643,258,203,5067,2239,5038,10456,451,5,3418,3893,2574,4401,0,45,17,0,69,8023,18,13,156,75,5415,4,0,0,0,2,0,37,8,12,15,4,0,39,0,0,39,45,24,125,97,20,18,32,0,6,0,2346,10,14,22,17,2228,3,0,0,18,0
"Moraxella",0,0,0,0,0,0,0,0,0,0,0,44,0,0,0,0,0,0,0,0,0,0,0,0,0,0,0,0,0,0,17,27,36,0,0,0,0,0,0,0,0,0,0,0,0,0,8,0,0,0,0,0,0,0,0,0,0,0,0,0,0,0,0,0,0,0,0,0,0,0,0,0,0,0,0,0,0,0,0,0,0,0
"Psychrobacter",37,26,0,0,0,0,0,0,0,12,0,0,31,0,0,179,0,0,0,0,0,0,0,0,0,0,12,0,0,0,0,0,0,0,0,0,0,0,0,0,0,0,79,36,198,0,0,0,5,0,0,39,0,0,4,0,43,10,330,19,91,124,0,0,0,0,0,0,39,0,0,0,0,0,0,0,0,0,0,0,0,0
"Bacteria_Proteobacteria_Gammaproteobacteria_Pseudomonadales_Pseudomonadaceae_Pseudomonas",20,53,5,54,0,0,0,0,258,0,768,16,14,146,0,0,28,0,0,0,25,417,42,128,314,37,282,142,0,91,0,10,0,149,0,0,0,0,7,0,0,0,5,0,11,0,0,0,55,33,0,25,824,17,11,10,44,152,14,4,35,5,0,256,61,23,12,17,11,41,24,100,0,2,0,0,43,7,51,0,20,0
"Serpens",0,0,0,0,0,0,0,0,0,0,0,0,0,0,0,0,0,0,0,0,0,0,0,28,0,0,0,0,0,0,0,0,0,0,0,0,0,0,0,0,0,0,0,0,0,0,0,0,0,0,0,0,0,0,0,0,0,0,0,0,0,0,0,0,0,0,0,0,0,0,0,0,0,0,0,0,0,0,0,0,0,0
"Pseudoalteromonas",0,0,0,0,0,0,0,0,0,0,0,0,0,0,0,0,0,0,0,0,0,0,0,0,0,0,0,0,0,0,0,0,0,0,0,0,0,0,0,0,0,0,0,0,0,0,0,0,0,0,0,0,0,0,0,0,0,0,0,0,0,0,0,0,0,0,0,0,0,0,0,3,0,0,0,0,0,0,0,0,0,0
"Bacteria_Proteobacteria_Gammaproteobacteria_Vibrionales_Pseudoalteromonadaceae_Vibrio",0,0,0,0,0,0,0,0,0,0,477,0,0,0,0,0,0,0,0,0,0,0,0,0,0,0,4,0,0,0,0,0,0,0,0,0,0,0,0,0,0,0,0,0,0,0,0,0,0,0,0,0,0,0,0,0,0,0,0,0,0,0,0,0,0,0,0,0,0,0,0,0,0,0,0,0,0,0,0,0,0,0
"Enterovibrio",0,0,0,0,0,0,0,0,0,0,0,0,0,0,0,0,0,0,0,0,0,0,0,0,0,0,0,0,0,0,0,0,0,0,0,0,0,0,0,0,0,0,0,0,0,0,0,0,0,0,0,0,0,0,0,0,0,0,23,0,0,0,0,0,0,0,0,0,0,0,0,0,0,0,0,0,0,0,0,0,0,0
"Bacteria_Proteobacteria_Gammaproteobacteria_Vibrionales_Vibrionaceae_Vibrio",16,0,0,0,0,0,0,0,0,0,0,0,0,0,0,0,0,0,0,0,0,0,0,0,0,0,0,0,0,0,0,0,0,0,0,0,0,0,0,0,0,0,0,0,0,0,0,0,0,0,0,0,0,0,0,0,0,0,0,0,0,0,0,0,0,0,0,0,0,0,0,0,0,0,0,0,0,0,0,0,0,0
"Achromobacter",0,0,0,0,0,0,0,0,0,0,0,0,0,0,0,0,0,0,0,0,0,0,0,0,0,0,0,0,0,0,0,0,0,0,0,0,0,0,0,0,39,0,0,0,0,0,0,0,0,0,0,0,0,0,0,0,0,0,0,0,0,0,0,0,0,0,0,0,0,0,0,0,0,0,0,0,0,0,0,0,0,0
"Aquimonas",0,0,0,0,0,0,0,0,0,11,0,0,0,0,0,0,0,0,0,0,0,0,0,0,0,0,0,0,0,0,0,0,0,0,0,0,0,0,0,0,0,0,0,0,0,0,0,0,0,0,0,0,0,0,0,0,0,0,0,0,0,0,0,0,0,0,0,0,0,0,0,0,0,0,0,0,0,0,0,0,0,0
"Aspromonas",0,0,0,0,0,0,0,0,0,0,0,0,0,0,0,0,0,0,0,0,0,0,0,0,0,0,0,0,0,0,0,0,12,0,0,0,0,0,0,0,0,0,0,0,0,0,0,0,0,0,0,0,0,0,0,0,0,0,0,0,0,0,0,0,0,0,0,0,0,0,0,0,0,0,0,0,0,0,0,0,0,0
"Fulvimonas",0,0,0,0,0,0,0,0,0,0,0,0,0,0,0,0,0,0,0,0,0,0,0,0,0,0,0,0,0,0,0,0,0,0,0,0,0,0,0,0,0,0,0,0,0,0,0,0,0,0,0,0,0,0,0,0,0,0,0,0,0,0,0,18,0,0,0,0,0,0,0,0,0,0,0,0,0,0,0,0,0,0
"Lysobacter",0,0,11,6,5,0,19,0,0,63,0,16,95,63,0,0,0,0,0,25,0,20,41,63,98,10,15,6,217,5,3,22,0,0,0,10,0,0,28,17,0,33,48,13,0,10,14,16,0,0,0,0,0,0,0,13,132,0,123,0,35,86,0,0,0,0,8,11,27,42,4,0,8,20,0,16,0,35,0,0,0,0
"Pseudofulvimonas",0,0,0,0,0,0,0,0,0,0,0,0,0,0,0,0,0,0,0,0,0,0,0,0,0,0,0,0,0,0,0,8,0,0,0,0,0,0,4,0,0,0,0,0,0,0,0,0,0,0,0,0,0,0,0,0,0,0,0,0,17,14,0,0,0,0,0,0,0,0,0,0,0,0,0,0,0,0,0,0,0,9
"Pseudoxanthomonas",0,0,0,0,0,0,0,0,245,0,16,0,0,71,0,0,27,0,0,0,0,67,0,26,98,0,0,0,44,0,43,0,0,696,0,0,0,0,0,17,0,0,0,0,44,0,0,0,0,0,0,0,33,0,0,0,0,187,0,0,0,9,43,203,624,204,114,128,17,0,0,79,0,0,0,0,61,0,0,0,0,0
"Silanimonas",0,0,0,0,0,0,0,0,0,0,0,0,0,0,0,0,0,35,0,0,0,0,0,0,0,0,0,0,0,0,0,0,0,0,0,0,0,0,0,0,0,0,0,0,0,0,0,0,0,0,0,0,0,0,0,0,0,0,4,0,0,0,0,0,0,0,0,0,0,0,0,0,0,0,0,0,0,0,0,0,0,0
"Stenotrophomonas",0,0,0,0,0,0,0,0,0,0,0,0,8,0,0,0,0,0,0,0,0,0,0,0,0,0,0,0,0,0,0,0,0,0,0,0,0,0,0,0,0,0,0,0,0,0,0,0,0,0,0,0,0,0,0,0,0,0,0,0,0,0,0,15,0,0,0,0,5,0,0,0,0,0,0,0,0,0,0,0,0,0
"Thermomonas",0,0,0,0,0,0,0,0,0,46,0,0,0,0,0,0,0,0,0,0,24,0,57,30,0,0,0,0,0,0,0,0,0,0,0,0,0,0,0,0,0,0,9,0,777,0,0,0,0,0,0,0,0,0,0,0,0,0,0,0,0,0,0,0,11,7,0,0,0,0,0,0,0,0,0,0,0,0,0,0,0,0
"Xanthomonas",0,0,0,0,0,0,0,0,0,0,0,0,0,0,0,0,0,0,0,0,10,0,0,0,0,0,0,0,0,0,0,0,0,0,0,0,0,0,0,0,0,0,0,0,0,0,0,0,0,0,0,0,0,0,0,0,0,0,0,0,0,0,0,0,0,0,0,0,0,0,0,0,0,0,0,0,0,0,0,0,0,0
"Spirochaeta",0,0,0,0,0,0,0,0,0,0,0,0,0,0,0,0,0,0,0,0,0,0,0,0,0,0,0,10,0,0,0,0,0,0,0,0,0,0,0,0,0,0,0,0,0,0,0,0,0,0,0,0,0,0,0,0,0,0,0,0,0,0,0,0,0,0,0,0,0,0,0,0,0,0,0,0,0,0,0,0,0,0
"Treponema",482,16,0,38,0,0,0,0,0,192,0,0,0,0,0,0,0,0,0,0,0,4,23,33,39,0,4,21,4,38,0,0,0,0,7,0,0,0,0,23,0,0,115,0,18,0,0,0,0,24,0,0,0,0,7,0,65,0,9,74,133,34,173,0,0,0,0,0,0,0,0,0,77,91,45,88,12,106,31,31,319,120
"Pyramidobacter",0,0,0,0,0,0,0,0,0,0,0,0,0,0,0,0,0,0,0,0,0,0,0,0,0,0,0,0,0,0,0,0,0,0,0,0,0,0,0,0,0,0,0,0,0,0,0,0,0,0,0,0,0,0,0,0,0,0,0,0,0,0,0,0,0,0,0,0,0,0,0,0,0,5,0,0,0,0,0,0,0,0
"Acholeplasma",21,0,13,0,16,0,0,0,0,47,0,0,0,0,0,0,0,0,0,27,0,0,0,4,0,19,2,0,0,85,0,0,0,0,0,3,0,0,0,0,0,0,5,0,15,0,0,0,0,0,0,0,0,0,0,8,6,0,43,0,6,24,16,0,0,0,0,0,24,0,0,0,8,0,0,9,5,106,0,24,16,18
"Bacteria_Tenericutes_Mollicutes_Anaeroplasmatales_Anaeroplasmataceae_gut",9,0,0,0,0,0,0,0,0,0,0,0,0,0,0,0,0,0,0,0,0,0,0,0,0,0,0,0,0,0,3,0,0,0,0,0,0,0,0,0,0,0,33,0,0,0,0,0,0,0,0,0,0,0,0,0,0,0,0,0,0,0,0,0,0,0,0,0,0,0,0,0,4,0,0,3,2,12,0,0,0,0
"Mycoplasma",0,0,0,4,0,0,0,0,0,0,0,0,0,0,0,0,0,0,0,0,0,0,0,0,0,0,0,0,0,0,0,0,0,0,0,0,0,0,0,14,0,0,0,0,0,0,0,0,0,0,0,0,0,0,0,0,0,0,0,0,0,0,0,0,0,0,0,0,0,0,0,0,0,0,0,0,0,0,0,0,0,88
"Ellin506",0,0,0,0,0,0,0,0,0,0,0,0,0,0,0,0,0,0,0,0,0,0,0,0,0,0,0,0,0,0,0,0,0,0,0,0,0,0,0,0,0,0,0,0,0,0,0,0,0,0,0,0,0,0,0,0,0,0,0,0,0,0,0,0,0,0,0,0,0,0,35,0,0,0,0,0,0,0,0,0,0,0
"Akkermansia",26,15,0,2,8,0,11,0,0,110,0,0,0,0,0,0,0,0,0,0,51,14,0,7,13,60,17,0,0,13,18,5,0,0,19,0,0,0,0,0,0,0,36,0,0,0,0,0,0,14,0,0,12,23,0,0,7,43,27,0,54,112,0,0,0,0,0,0,10,0,0,0,13,0,0,14,0,19,4,0,7,0
"Haloferula",0,0,0,0,0,0,0,0,0,0,0,0,0,0,0,0,0,0,0,0,0,0,0,0,0,4,0,0,0,0,0,0,0,0,0,0,0,0,0,0,0,0,0,0,0,0,0,0,0,0,0,0,0,0,0,0,0,0,0,0,0,0,0,0,0,0,0,3,0,0,2,0,0,0,0,0,0,0,0,0,0,0
"Prosthecobacter",0,0,0,0,0,0,0,0,0,0,0,0,0,0,0,0,0,44,0,0,0,0,0,0,0,0,0,0,0,0,0,0,0,0,0,0,0,0,0,0,0,0,0,0,0,0,0,0,0,0,0,0,0,0,0,0,0,0,4,0,0,0,0,0,0,0,0,0,0,0,0,0,0,0,0,0,0,0,0,0,0,0
